153622490298
153688440637
156980406521
153559587036
153569248351
156197521536
154466299052
153554505007
153796262179
153567902488
155733905501
153581813180
153523527975
157824274831
153706857452
153561228681
156399420840
153796216587
153619294539
154447729055
155742489719
154460757543
153710800302
153651308808
153593341318
153672049842
153565247419
153535128749
153705892732
153531876691
154439828901
153652122971
154460764929
153710579481
153797288715
153706894928
154326558914
153693209447
154534237711
154449430571
153797363840
153562321556
153796246272
154053084520
154469706338
153628213268
153545425624
153557984878
153695523467
153701736856
153688473938
153620290603
153706753750
154547073715
153596087875
153623986690
153712287538
153688057995
153350586950
153550511882
153582564604
154467584144
153706982329
153620382191
153588973524
153707083667
153695666767
153671770409
153551675082
153646526989
153797253919
153694710315
153561317001
153706986857
153558183078
153677518559
154443861584
153705512916
157086112308
157177158560
153859794905
153598473890
153351494395
153705572078
153796095477
153687216590
153705555419
153715059763
154002683480
153561030151
153646548339
153551783502
153531903148
153585788812
153704529457
153551921034
153545547540
154448170582
156917471800
153579207994
153532251411
153579227511
156980451969
153633535300
153587720906
153545556891
153557829347
153707093725
153692968728
153561216832
153828013824
153606356652
153582559923
153705719217
156980421790
153357020253
153549132453
153544705318
153791596092
153551770328
155747488512
153848370619
154469721552
153565186170
153704603264
153831384147
154458579820
153554546177
153677537841
153677528130
154449119597
154257050234
154820613627
154320092082
153551698650
153584774903
153531887518
154440031463
153522450763
153715481949
153581263798
153695562901
153545488930
153688524629
155132720493
153621549976
153558187777
154441002605
155732087151
154457392029
153694517490
153535234109
153545482995
153559871401
153532258450
153634124209
154439862245
153562288131
153562282820
155747432539
153533683303
153621404442
153554432207
153570352069
153592308951
153689504965
154460776446
154466268686
153624016237
156920879700
153569107421
153619384300
153584786631
154266355102
153695558021
153623996755
153705754485
154007725930
154460976122
153587715265
153479747754
154467570230
153695576820
154467343836
154456962211
153701985373
154439977975
154448105650
153610235657
153689454247
153562308110
153678883274
153697030106
153615562189
155747457795
153531890652
153593483508
153528883031
153715317560
153692973203
154462006160
153555463753
156980449973
154457340153
154466352946
154467459847
153561267096
153597576416
154531951833
153690653176
154470097319
154467595741
154467356245
153695632818
157086083274
154545404827
153551653213
153848350486
154462088361
153693103721
153693321698
153690677171
153577859373
153693012093
156438109816
154545403757
153593330399
153705891465
153688494719
155134066383
153831379653
156980433538
154006557800
154469899322
153550712199
153693023007
154466355639
153693325902
154220614958
153536798967
153997161824
153570188146
154470034968
154441089870
154442724970
153559520828
153705756739
157824246963
153478297305
153619215418
154461110683
157824254631
153689757991
153710603316
153693266399
153706748926
156628232661
154545418421
153551766540
153586762798
153606746095
153585778638
155745737100
154467449942
153695809381
153570204901
154546688315
153696711106
154319921417
153693064403
153570008743
156980413000
153593434891
154461071056
156689347995
153569138842
154462100330
153576260828
153557839800
153625209182
153588522861
153697077418
153693040849
153588664190
154007662689
153586699774
153589770024
153550622932
153693031827
153637755283
153551972551
153698101246
153693380874
153693375914
153797269882
153693077622
153688517260
153598560631
154467413517
153693195980
154466344668
153558106658
153685941739
153689775056
153693053324
154460807770
153693439850
153606317365
153689808142
153693314841
153689629543
153694445306
155735745939
153611488524
153797350278
153571190132
154460793382
153693434946
153694463347
153694632382
153573863571
154001274787
153694500459
153689812034
153698211372
153561023519
153694562795
154007685608
153685901187
153695462903
154448227742
155747479777
153694713167
153685898867
154006588654
154467314403
153570338517
156917319562
155742376375
153567917787
153669352831
154469976341
153693408289
154326603027
154467333681
153571302761
153695453586
153696695359
154007596679
153695516469
153696690525
154442753174
153697092030
153569025673
153694471631
153358387146
154545406262
153698212482
153579263099
153620468503
154460914797
153688052421
153695508577
154002539520
153695457420
153523535376
154467605948
153609954603
154449364165
153695567752
153693187667
154007627031
153693290278
153609887926
155132757190
153573849950
153524984556
153586436649
153565237447
153582542885
153576572410
154001103004
153561005031
153687278170
153695807542
154457428930
153689726424
153586764334
153696712742
153694468632
153695464647
153696900335
153687257929
153687263173
153687284290
153706745376
154460904621
153695535336
153693381930
154520785007
153553049547
154440947556
153687260856
153705876148
154448162914
153689723188
153693226285
153693327479
153570076023
153696784102
153562300050
154439670234
153693066524
153695449055
153697044688
153694492064
156197596993
153694669447
153554292457
153592284962
153593328167
153593394601
153594462049
153557944852
153625192389
153570366058
154820704213
154466347069
154441215135
153693360512
153698107471
154442349445
153570234712
154467665721
153859794214
153628216999
154002665983
153695489661
153697025707
153695663212
153598539051
153791586006
153687253409
153554483801
154006545852
154458823132
154457023389
153695531415
153528778721
153593133220
154007713349
153707145460
153586465427
153694571220
153571328132
154460983118
153584683590
154462019372
154448018920
153697063400
153696698422
154458446761
154461085121
153698062175
153697139732
153586490173
153585761958
154258487363
154471012314
154459668754
153557922435
153561281666
154461947777
153584739664
154466328929
153584655390
153582532079
154461146995
153694354174
154458478118
155742350642
153831429446
153693334269
153695689728
153696789826
153697022045
153634111126
154440975122
153712268490
153698105700
153698190340
153712249402
153696691984
153697130392
153586712044
153586735303
153593245557
153594515098
153999608796
153693020477
154006418841
153584698112
154460021117
155742495468
153693080432
153695541934
153584748012
154460785876
153685637212
154470113285
153695883017
153690766885
154450528187
153695788270
153693042921
153580170968
153558115752
153690680170
153791643304
154449512646
153695841252
153689496578
153695694976
153694383847
153687133977
153623974965
153690775976
154461961963
153586722425
153572918396
153651279769
153692998630
153698193351
154458811277
153584746098
153570081527
153572638162
154443866876
154449495696
153687240351
153561258713
153688316906
153696737888
155742291441
153695530179
154442812443
153621398421
153554311146
153697092921
154459650209
153706866374
154460017406
153526116426
154469710839
153631140507
153559631247
153538788241
153695561685
153646544955
153628237612
154467310265
154449518878
153695884719
153706997004
154447737984
153688089058
153593532080
154462069814
153621284290
154461061561
154469954558
154467720536
153560950223
153572586684
153572922804
153573881177
153526140138
153591864183
153571175184
154001434586
153536440629
153579193633
153571575984
153705899140
153830586368
153634126063
154439818981
154006489604
153797279564
153996928098
153698012620
153695511258
153564275968
153576409615
153695542999
153561306822
153791650340
153693185888
154001429966
154007635717
153553062570
154461104901
154460777496
153565252210
153576601706
153358118105
154001451855
153679791028
153697154083
153694387813
153572796500
153628235980
153830592973
153560022325
153685801689
154002760462
153681225361
153695796916
153576404946
154441297598
153698215874
154008458653
153687229893
154442638438
153526264617
153569224308
153353506620
154449534775
156920924694
154470118768
154442822763
155742474387
153593476251
153631145990
153652127632
153582550863
153621288250
153697128338
153835948513
153582557781
154467548439
154469718157
153695537391
153693311184
153708092110
153586697918
153835875471
153607617620
154466250294
155742447291
153355965456
153697020537
153796148431
153581725972
153580128013
153594454943
153591880438
153687257030
153703046120
154449288813
153300375722
153593406739
154450375963
154457151946
154467673271
154467337652
153554415328
153578818741
154470056515
154546595558
153567777368
154442430456
154469790947
154459632472
154459720481
155732051574
153685858436
154460842228
153697032144
153687227960
154002778590
153581268746
153685895904
153694612938
153688334131
153621392757
153526148878
153623977049
153586475908
155742384758
153694381541
153830558092
154461950050
153588981707
153588906386
155731502426
154461109296
154449488245
153577695178
153594642295
155742303588
153791831230
154002634711
154462001641
153550359728
153587670499
153593190281
153697016264
153696898080
154467329700
153551717744
153827904702
153593161576
154469664388
153681308265
153796197429
153559502811
153569242249
154458747736
153710489241
154450610602
153555559668
153693047937
153671765891
153573854766
153561277941
153569015678
154440960887
153698064967
153688330678
154444066365
153593513324
153848358624
154442877256
153694672750
154461996882
153848377131
153588662135
153576211418
155731883132
153621559578
153552971889
153689649671
154449063931
154447986999
153531921447
153697069205
153695888958
153696744717
154442759722
153830607597
154006493628
153562273288
154001221092
153572942051
153688326187
153552981668
154467555576
154440923715
154469734886
153694580410
153559774876
153688120414
153572863831
153705897254
153571407161
153606329481
154442865558
154467398642
153706776774
153629759438
153578918130
153579180410
153580313616
154002568222
153559738052
153697995099
154442834942
154443950704
153706818215
154439855527
153696925513
153693373199
154002619515
153695828823
153698213600
153609905641
154447779955
154007711491
153569159734
153707067921
153582522782
153698073456
154467401361
153694342003
153651269180
153688515082
153582533075
154469666930
154002674087
153710490508
153710585667
154447744408
154459982186
153552979100
154439880475
154450594134
155735707007
153569992241
153582525601
153613851233
153587548584
153593225542
153612924439
155737147306
153831502939
153596094367
153586484510
154007607155
153568927171
153568975946
153568978679
153582530270
153584767189
154469812362
153572618678
153588914345
153576252719
153593430768
153646546491
153694482864
154002513721
154461993020
153559777197
154001054490
153573861598
153690711014
154470020277
153351531420
155133927531
157089226499
154459734960
154007687419
153579121922
155742532932
153702935831
153694280946
153586717355
153681232175
153681236379
153791546857
153688024445
153568902529
154441447606
154007666282
153693220643
153690746880
154258494458
153551916498
153688433769
154442693111
154007675349
153523546929
153999860711
153580276266
153694279642
155733397032
153595876425
153535317484
153614211179
153606542739
153710404310
153588953109
153594436623
153561337519
153705884881
153629805359
154459645063
153637735896
153570040575
153830346397
153569262975
153625224652
154448068002
153523612443
153584710934
153596238489
153596345767
153597311399
153572735282
153559644593
153549136525
153685700153
153620352544
154447979305
153597715922
153596276901
154440024562
153522445405
153835930367
153796175474
153796248583
153612436332
153528890983
153596304761
153597478972
153567929362
153572498772
153572526797
153572905727
153606749467
154002921815
154458539311
154442461943
154442652724
153697138235
153690647634
153569976673
153571178160
153582552131
153687120629
153716648694
153595775692
153597203268
153597646649
153694389221
153791561044
154450552009
153625212179
154462040733
153707077940
154440957561
154458814746
153587845222
153579192168
153562360927
153681292849
154467319383
153593491739
154439962642
153621409235
154466307489
153695655792
154460011347
153563937304
154001406656
155731900346
153568954355
153569228956
154441095268
154460893498
153694479600
153686955314
153694263709
153797283773
154001196573
154320024689
156197548081
154458756384
154442677023
153584696075
153615522196
154469878747
153681291339
153791851207
153581290921
153822338972
153532265859
153695693133
154447789214
153565197979
153567483329
153570310191
153572530964
153572896767
153613786339
154007694742
154320114070
153554644297
154459976200
153628227019
155742380821
153848356858
153631106044
154266525911
153570368334
153573857698
153620541735
153715017104
154533023315
153689636309
155747464263
154467572542
153620337632
154546987859
154442444336
155733389941
153859786776
154467649674
154469683266
153678852615
153591876804
153572579926
154460865415
154466278194
154462110111
153587757795
153796158462
154461982558
154546625139
154460875791
154466338917
154470980069
154459974233
153576193200
153579060068
153580393705
153584502704
154440034343
154469677788
153611540139
154459678693
153570191442
153550686658
154461041833
154459987238
153528842619
153555534222
153858649020
153698053733
154002909755
153625214201
153823448117
153620375933
153358419208
154440953458
153696881538
154442852979
154440045920
153685851121
154442383183
154449438482
154457443245
154458675398
153587554973
153710574330
153576582080
153559876350
153615514711
154466283762
153569000724
153710465300
154442795446
153355991664
154469758964
155733920722
154459599621
153695678796
153830620587
154439698529
154470106158
153685949764
153848368928
153572567850
154440050371
153523589297
153996923918
153593346951
154447958028
153707002447
153580291997
153703127436
154536707281
153707100046
153624014624
153584719314
153678666019
153625201971
153576573661
153710499150
153562332045
153621555284
153680016073
156917422300
153696923177
153557932258
153567566565
153704354259
154458825207
154459748500
153573829707
154002660522
153621543960
155745771310
153688364560
153572653341
153694714677
153694489459
153594457776
153356976781
153620561169
153705535304
154439997500
153586399126
154460029211
153598448157
154461051591
153543648039
153595903374
154326592539
154447965442
154462014400
154002509615
154444007106
154449547446
153796251864
154002584465
153616563359
153528831300
153997056045
154470061218
153615586915
154456854300
155742306680
154459662368
154536719300
153620328424
153357224462
153570180175
153615321084
153673134681
153620552316
153689473836
154460782687
154461094216
154470032623
153685639849
153716665712
153536797741
153791665997
153831444826
153585389313
153625204031
153710385281
153581244436
154444092855
153697071710
153677012489
153679802933
153353553042
153689835479
153689842531
153693050827
153695884124
154460879087
153567813449
153572822092
153695515651
154467446178
153580056257
154449326110
153613782636
153613817285
153618905132
154820744227
153689485835
154443844553
154458561822
153693073204
153687231495
154461127822
153615668845
155743976968
154441370695
153707147793
154439685364
153693308948
154456937222
153678823162
153710439064
153615471961
154440942081
153353430966
154444154678
154449444245
154450530043
154461102494
154450522148
154470986957
153676182280
154469733473
154450577131
154002542771
153677425871
153678721019
153680193770
153791630553
153697125985
153705516567
153569004809
154006592967
153631310822
154459743030
153685701952
153598405185
153696786545
153568985624
153999838927
153715443312
153697110080
153612405141
153673139541
154006394453
154547010459
154467528813
153536792544
154536857460
154471030344
153703129359
153614250096
154467552186
153688271145
153551801223
153716684291
155733391846
153827894008
154467727200
153827927826
154458840224
154461980222
154449285926
154007741805
153796227303
153689542516
153715506733
154447689553
154448074598
153705519255
153567474432
154439704045
153693306650
153632603826
153611110338
153584777842
153706787662
154469808247
153561326575
153697154977
153634101475
153562357830
153703221882
153614194647
154326561667
153685795151
153689645746
153609919184
153999587714
154002546262
154449477835
153698182265
154442367597
153553403411
153584507357
154679632280
154439955415
154006579831
154442856842
153694287799
153693287830
153597701615
154007702325
154444192193
154457328726
153689700907
154444087761
153688525948
153688353854
153581746339
154467652189
153703052524
153563952928
153564062882
154461033428
154545407375
154442847143
154444183681
154457147501
154459619693
154459628047
154467312460
154467531673
154469761732
154469950053
153697989633
153588869879
156576233942
154457449618
154531999802
153698084752
154007724535
154441252362
154007727440
154546711267
153597453702
153631267136
153631288623
153632776589
153632796658
153633537131
153634067783
154439583561
154467586005
153791739827
153559652197
153584797701
154002503149
153610110535
153673141000
154448131901
153594506854
154443998059
153577776261
153577798631
153823432423
153797337317
153576560238
153695836638
153554361334
153555510233
154439896106
153597614847
153715496728
153999846605
154441347419
153694653060
153715157370
153554283726
153557935431
153632826459
154466332367
153688337271
153562336846
153564271180
153570379997
153695513941
155742486010
153558222477
153580529378
153712244834
154007364647
153562304966
153712354907
154546738472
153677338103
153715281140
153592296116
153712284303
153706830652
153629367499
153595989641
153596000304
153597324704
153695684240
153576447168
154001465700
153716692299
153707080242
153701984225
153585600915
153595821115
154466266289
153704148975
154467722796
153588976907
153672109266
153830591436
153701747202
153701885935
153688340820
153629811405
153704123284
153610237932
154467433174
154467407581
153592273825
154461123631
153702016183
154448175356
154440075824
153622493595
154441361240
154266436203
153577700363
154467352691
153715347931
154444206111
153595966178
153597703262
153646525052
153796155286
154460885560
153563941994
153564240055
153831375609
153827902093
154470111211
154257013587
154469639641
155742467804
154442503465
154461023702
153585775216
153696724693
154441180987
154447716030
154459651950
153712361219
153791844686
154467589388
153707006668
154266332139
153694509328
153631317788
153651276010
153716681586
153588978423
154450423034
153696736619
153634127475
154006610638
155733353919
153680280807
153687184199
154439931003
154448099139
154256992945
153796291476
153697013475
154457035158
154457047453
153584785792
153689640596
153693362219
153612954512
153651256268
154439905808
153553065644
153689546478
153564066899
153592304275
153592309016
153592082682
153695817314
153697111342
153715048887
154469650255
153356125497
154007730556
154449559489
153550738427
153587400673
153589767926
153616634515
153570072894
153701742530
153701995693
155733907195
154536682924
154467679395
153693383004
153622342693
153550722476
153698042586
153632775983
154439843490
153615272017
153678875166
154459714485
154469682077
153997059597
153637746028
153678820993
155731889944
153997072028
153715362004
154001181764
154006607188
153689464861
153623983117
154444055192
153695577941
154470116150
153593115300
153593237032
153559959697
154001429036
154458780410
154440037144
154469662738
153672101505
153555517323
153586428136
153695891576
153696884148
153697011251
153672125359
153606349149
154458443473
154470073108
153614045429
153582546148
153612957140
154449473787
153695454275
153612931497
153702874117
153791570511
153585607887
153701982983
153673074957
153796207130
153567798293
153831479069
153586737278
154444223179
153688403366
153628221000
153577752888
154470101501
155737155520
154442788685
153710395923
153623994710
154449425174
154532023627
153560033144
153553036392
153634140913
155735747346
153620437585
154459994867
154441244626
154443962306
153651165297
154441367998
154466274561
153646523847
153576556477
153688344797
154460888504
153524973289
153693222435
154269489464
153671803564
153545422274
154466327403
154006500300
153703220723
154001284497
153576585704
153697048290
153679760567
154820695040
153707071046
153685623640
153705752455
153561298646
154448193030
153822341102
153594501888
154007669489
153569007114
154443964264
153702896116
153543650787
153584729635
153694282735
153695517262
153692989462
153356147203
153597675067
154531986579
153596374576
153571192722
153571308060
153572598175
153572626804
153569285508
153685647646
153562302382
156920926456
153632811439
154460901433
153685915954
154442476398
153615158548
154467340601
154441062855
153577871494
153708152521
154442798078
154457253780
154545390776
153557987403
153685934083
153523599372
153584775146
154443880402
153606311836
154459736938
154458727368
154470038029
153698328222
154448154350
153559694531
153563859654
154469809877
153588897956
153634137773
153585782680
153588655366
153701914017
153693037598
154449197394
154441330584
154469820656
153678731098
154469635231
153637747223
153689556744
154460848969
154277010768
153532249048
153560007587
153350586952
153703065969
153703070095
153703112166
153703131239
153703138146
153703146300
154007386829
154002496043
154006532243
153585768964
153619113373
153701723101
154469960637
154470055132
153560910558
153695658893
153571683856
154442870408
153555391181
153584779430
153675695856
153710441034
153715161518
154456859857
154467559603
154467704333
154469943395
153694716837
153689824669
153569123499
153652130157
153695652668
153692981608
153555429287
153688044514
153689482490
153690681957
153690785395
153594690417
153848353688
153568981742
153594732951
153594762917
153616533369
153621241598
153621435541
153622231974
153631326564
153631330818
153631331986
153632338291
153632565364
153632571645
153633544863
153634070332
153791670209
154467696805
154470004018
154470027773
154470985259
154471009570
154471014459
153705880283
153678422593
154440071863
154442345707
154447704031
153835922494
153693228449
153531920515
154007728885
154448219841
153695467916
153570021098
153523591263
154457405167
154467404851
153622276726
153629143146
153999606882
154441457045
154441441923
153695641105
153544478735
153830566505
153351481068
153688500355
154470984295
153999820913
153569207070
153353488068
153577865771
154439939656
153609851086
153569255565
153596096530
153598528352
153831464932
154321066426
153570086302
153685905894
153687223254
154448013215
154467567233
154458731721
153621548243
153629184624
153634086502
153637761248
154546784272
154458783763
153558232791
153708156896
153573002186
153696807767
153580333315
154467370008
154467677024
154469727574
154450288800
153614207070
153698097117
153693319955
153693441293
153701753222
153694652006
156576212839
153695505735
153628240116
154459731488
153623981438
153694335339
154467645182
153588648177
154441264913
155733952554
153688295891
153688539439
153689745920
154447735725
154450559119
154457376178
154461005593
154461136847
154466255980
154467580473
154467653867
154520889721
154458407887
153831732546
153571589084
154439974485
154442734609
154448232258
154458833825
154462042761
154467702942
153693433203
154457323850
154458484376
154467639013
153549050686
154459596174
153695532773
154449529652
154460986362
153554322818
153571594555
154466341700
153588827867
153588848262
153594453718
154002642776
153589761241
154457001548
153592268562
154460997604
153597608695
153677539491
153678770738
153679817726
153524813984
154469798104
154469988096
153688501912
153628215197
153694553910
154459722789
153578668248
153585750622
153677084411
156649555775
153525151553
153615646215
153690760729
153571579935
154820697298
153549060575
154467443146
153606294231
153693099663
153694505267
153696891098
153687261637
153696709863
153710606754
154007649824
154007525110
153701882548
153703226031
154546642172
154439917668
154458522119
154459625094
154467421535
153612945617
153589751522
154469736553
153606623978
153696914148
153651289738
154442354125
153355950726
154467694623
153705743362
153830594386
154439966527
154457313954
153551670900
153587701425
154441434915
153685903447
154449556301
153553067839
153578744986
153715460792
153557950108
153589769912
153591862173
153695664469
153696713813
153676085214
153698177494
154002526588
153701900096
154820717104
154460788323
154461135521
153694380195
153550491202
153555483472
153688522932
154007609363
153598472202
153689447266
153358247857
154444126645
153579188594
154467619579
154546791423
153621308226
154007683900
153615598686
154457317665
153669320575
154460031684
153569283769
153592305889
153830359886
153570291832
153712335403
154007705940
153612960126
153587614190
153715498656
153692993273
153693418332
153693422014
154007631602
153708157950
154002530073
153687111173
153687204241
153694499418
153694717861
153694301977
153694274882
153859825445
153678787417
153695509979
156920907697
153629373829
153694480487
153694337213
153999595555
153688147566
153689538323
153688508223
153696706853
154462103179
153715076999
153634118567
153694599050
153695565245
153696899096
153528751815
153687183067
153687185196
153715423386
153569295887
153565189969
153637785137
154440081977
154450278581
153694297920
153693005102
154467577811
153831471305
153572469912
153999625268
153848373898
153586462811
153588889972
153589772157
153591865468
153592051001
153593123366
153593233646
153593494371
153594464869
153594468844
154467730963
153579202536
154467436109
153588852562
153591852926
153797358889
154469893190
153634170174
153527982003
153615544697
153997082847
153827936214
153568996108
153591847560
154001399998
153570211605
153588972544
153584660886
154006613518
153689711075
153357315352
153630928821
154007674249
154447975047
154459673776
153689627040
154007640329
154470000516
153706979390
154456849836
153710435396
153596148998
153823404523
153671791837
154002536667
153586470166
155742522808
153531910184
153823379885
153678631541
154006486002
154460774888
153586445189
153588658645
153677349098
153581299952
153695507252
154469673591
154007701177
153796287073
155131211969
153848347731
153580087810
153791553457
154006511647
153586420404
153695556414
153593148657
154006600855
153686934151
153694655019
153695544021
153696777298
153581790515
153831480537
153690674990
153561223911
153689660820
153693015866
153693302075
153693316847
153622507849
154462062762
154469745654
153554456621
153695559415
153689809960
153553042566
153830561993
153859780744
153791655985
153693087091
153690659844
153694270187
153577855724
153678521739
153569214353
153553006643
154547007360
153616570845
153632334094
153588820142
153593514896
153702024650
153680176275
153689460789
153688413607
153685770779
154450549671
153594504053
153557909790
154007628840
153694267196
153559751422
153541325053
154269552684
154450427109
154458426975
154459960898
153695839220
153830585422
153557888694
153693044573
154002612623
154002616659
153685890456
153695572438
153559553195
153543653661
154470103681
154458766570
153593242527
153593311110
153594519641
154001130453
153859778511
154470067097
154260175104
153615588500
153688036162
154006406649
153696878258
153598373893
154444050822
153710417288
153831561808
153681279987
153615200048
154449187935
153685888189
153687186473
153550690868
153622226942
154471020155
153791598118
153676153003
153570344039
153582534722
155731562341
153587825063
153588505760
153588831396
153588877885
153588886164
153591820289
153592102621
153593158931
153562347942
153693299951
154531967853
153358358542
154449381952
153707116293
153697079494
153677430515
153679795154
153694481992
153696892811
153576199601
154444146417
153562317348
153588842352
154467431496
154444132106
153622509821
153687289154
153791617595
154441220623
153528902419
153614202633
153569280301
153579077417
155132713715
153356911518
153823440855
153621269690
153710413554
153351586780
153701923720
154467713280
154320061056
154469796383
153634143127
154001278238
153592278309
154458523824
153533706961
153587776734
153835891601
155735684654
153588817741
153562363268
154470049958
153681273466
153797248344
153523484204
154439948505
154469695205
153632861941
153681300242
153577524585
153685914226
153696715237
153695452066
153671801652
154007678223
154458664963
153620511190
154441049142
154444016359
154444213944
153712226766
153561296116
153524939498
153695808570
153695574380
153687274766
153694582642
153695806196
153593165491
154469767550
153688468916
153694299864
154466310284
154007656335
153697109231
153698005207
154441237288
155744044736
153698108467
153690731476
153685857086
153796106819
153351581837
153591815678
153688083850
153689806638
153690742275
153693054699
153693337196
153999853664
153570361370
153582515927
153570347541
153612922704
153588824212
154460899742
153703113023
153823372283
154459701384
153791558712
153705760307
153685917267
154543011669
153675581810
153561237003
153554267980
153587709509
154448196471
153680247954
153577860558
153791659427
153588893173
153589773792
153591833340
153591851784
153593176647
153593240261
153593324984
153592053495
154002648422
153621261795
153357045881
153689786283
153584743764
153688021510
153634078404
153681276508
153687265443
153695456542
153555539357
153570357646
154458406405
154450446325
153558089789
153685946151
153695868939
154000981427
153535334996
153631299908
153688048345
153689458968
153689653895
153690743799
153693039411
153692994916
153598467831
154007362112
154002765831
153567855225
153567866165
153568946607
153569246942
153569271540
153570364073
153571339819
153572640698
153582520538
153703050972
153591827321
153560960953
154467729538
153596376627
153698010983
154269594181
153593351667
153357161446
153694605775
153694614112
153695471184
153695526524
153695786953
153696703534
154442802761
154444138812
154460727497
154460846455
154462082900
154467302025
154469708588
154469885947
154471021874
154443973483
153567891607
153561314861
153588526034
153588652300
153588846016
153593336898
153357173288
153999585639
154008446501
153561303802
153791611970
153858659199
153685924687
153696704843
153558240376
153830471343
154002926687
154467410797
153533708917
153687239246
153696885336
153690745770
153695668870
153695680625
155747430316
153688535171
153689494162
153692976588
153568878933
153571556140
153688067271
153688520714
153689707749
153704356294
153695879664
154459683957
154469870016
153827916023
153629222434
154320152014
153585759296
153688223254
153693097213
153835928414
153532256721
153710432429
153696701109
153694586384
153356902931
153703124215
154457396568
153791609196
153796105664
153797322805
154460772966
153561231762
153695814587
154467634645
153524989128
153668831619
153588881678
153593339955
154467305048
155731894019
153693388721
153554591522
154467453854
153797241959
153695635196
153696895760
154471002727
153694515421
153524929699
154462074393
153557937548
154442769318
153693207720
154460000859
153693395527
153358320954
153687115488
153584782310
153688125507
153688310314
153688409220
153689456287
153689792877
153689827870
153690756940
153693062267
153694272589
153689837132
153632855129
153570000318
153582481038
153823499682
153554534180
153680055350
153698059919
153611542215
153651284128
153689631461
153689740744
153823453770
153690750440
153693007656
153676050766
153565222546
154444186354
154471007044
153584810327
153685596476
153831428228
154002939275
153567870355
153610320385
153697028507
154007367155
153569113661
153629104122
153695660150
153690657197
153694478541
153591868248
153593370312
154450603428
153551775651
153528893586
153559742175
153681262352
154459750692
154450574321
153570064120
153570258553
153571431009
153572607484
153572633682
153572915714
153572934412
153582544515
153567908658
153688262101
153705883275
154449236697
153610306549
153694615369
153681259616
153695579247
153693101534
156197485576
153553409684
153587835276
154450585829
153615481834
154457402945
153584657431
153580082075
153681384998
155735768866
153579175328
153593144758
153685944266
153685962487
153685967347
153687131705
153694684022
153695775314
153695779763
153696764462
153696797968
153616622848
154820620560
153694469891
153587538184
153587848594
153698183462
153615340533
153791625601
154457415051
154470078949
153593229478
153796172588
153555557242
154002775123
153675766218
153677126607
153679894059
154467602437
154469778418
153571561366
153550659669
153693200800
153698095928
153712260135
153694322351
154007643038
153689819015
153533682320
155132699463
153695527513
153706989940
153593129242
153553023985
153554635597
153558132969
153595913849
153596323902
153595935644
155745959781
153637748767
153688070503
153689491711
153689788865
153693402856
153694286574
154007731730
153544655379
153526331355
153694644711
153695450647
153697046977
153695887673
154441079842
154457283665
154459708365
154469770833
153679928573
153629382069
153715045500
153687232839
153694462324
154450409297
154449413209
153353499777
153646543052
153687209528
157464775249
153694650535
154007682489
153558218045
153528885063
153675629231
153694675237
153827949795
153358411018
153593125720
153829110335
153831421502
154458742174
153688533001
153570078685
153571291053
153572591976
153572926846
153576180793
153554434306
154441059358
153554449307
153524824663
153694628528
153685980404
153688302550
153688531971
153693329662
153687212259
153696876926
153688506923
153688510075
153688513861
153693193196
153693198611
153693291739
153693295779
153694284699
153694296174
153694309653
153692978996
153553047199
154248959566
153705508792
154449410109
153710415361
155733731398
153631101540
154457276526
155131345220
153685931687
153687236117
153694375745
153695803276
153696750813
153701890233
153586769906
153559912617
153831451901
154442711729
154448167079
154459642308
154460911329
154462027120
154462038861
154466262266
154467415575
154467719240
154469687382
154469729251
154470009739
153523541943
153568849406
153568910291
153568957591
153571586602
153572882717
153572909681
153576567370
153582517293
153581656230
153688512871
153690779583
153695822773
153698097840
153528895378
153628188727
153581752720
153592112353
153797314647
153695638800
154007719773
153688134016
153693002202
153597261593
153615554056
153570058792
153612919598
154467621934
153610316604
153831354772
153693357312
153685864716
153715042838
153628231315
153677286027
153593536167
153572873614
153606366692
153552988361
153690748508
155731860958
153567934870
153568990802
153570332286
153571447580
153571582440
153572648441
153581754727
153579250585
153677068423
153524952616
153531878289
153526277804
153715463494
153572603849
153606360718
153693410265
154007529203
153631099505
154448229265
153577822645
153997078622
154469658105
153549113086
153685976033
153694382973
153696778991
153695455434
153697009352
153580149323
154006379183
153698087942
153688020305
153688512009
153689658473
153690706030
153695512482
153697037995
153573894811
153696918949
153697067612
153622479373
153796241549
153685832509
153687113157
153698099069
153690777494
154467717935
153694289363
153791881153
153578661229
153579164682
153694567600
153694607468
153695488340
153695498585
153695501259
153695518593
153695560664
153695576081
153695886792
153696716078
153571673926
153689730580
155744167100
153695686266
153697012116
153685867731
153685987303
153686923519
153687109511
153694491018
153694512849
153694630441
153696721318
153576197028
153589753292
154470043383
154467418321
153701847305
153567880468
153568922116
153570373564
153571186992
153572729027
153669309563
153580072120
153580094179
153580169085
153580197171
153580437443
153698364819
153676132517
153568887959
154820732091
153695564147
153584806234
153791815843
153570247678
153685870591
153698102096
153351558303
154546664155
153710485612
153629750199
153561322113
153357310534
153695654610
153594440905
153688144486
153597703794
153999582658
153797358091
153705577000
153695539440
154442875747
153708159128
153358342428
153688018784
153588516508
153698216760
153558173098
153685619788
153694466273
153688032431
153693105461
153693107385
154007704492
155735713892
153796229432
153592257280
153592282122
153593135093
153558124833
153689820609
153569135506
154320076530
153698222230
153589771755
153999849145
153706751534
153830609279
153619199686
153698235696
153827924962
153685673232
153579080013
154458574245
153715130027
153558076168
153569282952
153570036627
153594482990
153584653427
153698103170
153569020283
154442738540
153694609995
153559484179
153593173417
153577835018
156917407688
153597658052
155131421056
153695784308
153588774587
153614241245
153695805167
153697014376
153686921985
153687122872
153694611686
153561208875
154002900014
154467629522
153571427119
153698179071
153576225512
153572871259
153997080757
153696726688
153561335029
153830556189
153791641465
153696917820
153559960953
154820707895
153592259467
153593496472
153569996151
153550527060
153693438547
153554429455
153688221279
153351561562
154523449248
153358369990
154318653758
153831734251
153695644701
153791748628
154002558235
154546636259
154449527731
153584788688
153569089256
153569231625
153569986139
153572623190
153831353538
153569238848
153706762554
153689703921
153545412789
153687286738
153694511053
153694634136
153791590625
153688418227
153350586939
154546787433
153531905199
153698066570
153581734707
153623981675
154440015791
155744093640
154469932234
153545563358
153693293213
154326703154
153694474412
153694484058
153694601573
153694637588
153695575246
153697026924
153685849109
153685965413
153685994914
153686929945
153686943135
153687107831
153687127046
153687241143
153687259059
153687259996
153687292401
153695566445
153695711657
153695780861
153696873196
153831425726
154448157261
153690736423
154545385362
153528758724
153562305960
153579073314
153631111561
153835953931
153715499826
154460859311
153698180896
153551779206
154457155240
153561273752
155732083954
155744177649
153697056108
153710624641
153567833729
153572656599
153687224410
154467439619
153704499935
153560946776
153621343364
153561293160
153831422854
153560958425
153707001291
153589748965
153791677682
153631147444
153685692944
153685695131
153715409139
153586760184
153694526071
153694656175
153557832935
154467660869
154443871754
154461039454
153997025939
154002608083
154534285220
154461012655
153569195107
153550594518
153581819594
153579205036
153615615866
153581266343
153677368299
153796150707
153563867382
154001139672
155735730818
153568897333
153715468867
153588837695
153525132138
153594657156
153606353980
153620332077
153697099558
154469720050
153351402330
154002610549
153695445061
153695446010
153615555980
154467350474
153588864910
153612924718
155744052642
153695458594
155132752942
153706984098
153569972933
153694521578
153696753792
155737170991
154469749090
153694377241
153694502669
153685854851
153687191711
153687202533
153687214858
153687279616
153688012210
153694356047
153694366201
153694371422
153694624396
153694627572
153694657977
153694696136
153558095385
153594444516
153712240302
153576217542
153694495234
153619381472
153694678103
153694684802
153694664943
153350586942
154838103800
153796104386
153356898852
153697108608
153585370206
153632778632
153715032273
153830625050
153621406968
153999856361
153559928062
154002639023
153536802063
153544469183
153584734866
153568939976
153622594057
153632771562
154467298600
153680289526
153561012621
153680083766
154006316757
154002663039
153651291807
153830617151
153631309558
153687200477
153581821175
153593467988
153698050197
153685886800
153594480532
153524850656
153694385990
153694496347
153694671720
153694680997
153694693834
153695700674
153696752423
153686925896
153687264168
153582582426
153688040066
153554285811
153533696327
154007628353
153609973396
153791811177
153715265824
154444024150
153634084491
153678501818
153693180935
154007661257
153528820967
153543667949
154456851298
154457053907
154459698228
154458548211
154458753220
153350586941
153586719543
153587821630
153588761032
153593511602
154001091586
154006574358
153585586858
153694487221
153694679484
154441226571
154457458075
154002746917
155131394029
153558145867
153358347900
153693377792
154007716585
153358060965
154459639994
154461036988
153528782899
154002519843
153705515070
153622501755
153542789730
153549387725
153544698651
153619335405
153697107720
153698063939
153706759012
153553032328
153616581006
153620350673
154007699133
153593141139
153621389166
155737234443
153689549981
154002579590
153569238036
153569277574
153570013597
153572765356
153582518692
153835959462
154002511814
153350586949
153678916357
153563871329
153544661323
153606327677
153695474709
153585752582
153715307936
153525162387
155747492288
153680101864
153554571297
153698081280
153710437108
153586478759
153524955450
154007644849
154459654680
153553418863
153694635259
153710492671
153696932926
153697049389
153695524671
154469827184
154007534246
153581272794
153584724200
153698058445
153563913771
153572583972
153581736626
154269584600
153696749898
153526281272
153677364803
153715358791
153701764079
153688420590
153560023371
153705762537
153559947166
153698048320
153551709893
153554491993
153695799855
153585769853
153701917229
153797328410
153710830701
153614240056
153677358640
153678652002
153689476868
153358381756
154001269678
153688267185
153689489241
153689617183
153593152274
154820737438
153564262677
154460851961
154002935492
153353522049
154001444505
153830560291
153616629090
153694692136
153695690549
153696716690
154457306659
154458744598
153685878152
153561341902
153696879283
154471036701
153697999905
153579110788
153631128784
154471041547
154006595820
153685677287
153687221680
153619333194
153593248431
153690744494
153536616861
153693092617
153791633610
153796224013
153528905703
153715304154
155744072307
153705526107
154001248122
153584768874
153550705386
153715478748
154467705915
153536620316
153591829561
154006536250
153585780571
153631150770
154469756886
154448124396
153698378892
153570054933
153576189455
153576227740
153577812624
153578913365
153579066815
153997163865
153528814593
154448093825
154467708190
153712247699
154820745968
153693183808
153555488571
153560936644
153586443141
153586448853
153586737762
153586740283
153586745056
153587819363
153593192486
153593471682
153593543200
153594446906
153628234671
153586458819
153710487158
153835938373
153576202637
153835936395
153546780848
153690739880
153580164257
153796278157
153829147922
153571202321
153562312865
154326607444
153581317823
153581642965
153584664839
153584708486
153685947744
153712306486
153541364977
153835931720
153687218961
153695774508
153688348977
153689495322
153692987898
153796299447
153705887628
153694367945
153572892436
153585765347
154469795014
153593150174
153715415859
153696687364
153705879291
154458543433
154461055830
153587716458
153562352034
153580512876
154002656562
153558260143
153559916360
153696791735
153581595513
153353563461
154006250354
153694369828
153555494906
153835941932
153579100748
153571299914
153573825559
153554314063
153706975699
154326588502
156917446909
153542407384
153696746286
153637752733
154002507658
153557973889
153614158870
153687234409
153706891157
153715005290
153694472937
154008465775
153559880090
153827923453
153698000690
154320078870
153584808000
153796084549
153702898450
153553029771
154001076445
153678407133
153551746460
154457011182
153558006180
154536702871
153694551159
153587673512
153587679891
153593465037
153632336249
153681269747
153592287678
153710377062
153554463382
153615245205
153829160090
155735764700
154469653059
153687217814
153358390897
153688226521
153689515280
153693033566
153694277253
153688108922
153694312901
153696790826
154006591151
154007665891
153560969846
153559957458
153693027750
154459745341
153697058946
153698217517
155745502440
153587722987
153593219062
153697133943
153563878221
153688286884
153689712848
153693089051
153693393318
153705733907
153694443811
153695494935
153688482795
154460731689
153567851859
153710494918
153607636658
154469993075
153764078814
153586694639
153712231742
153569198408
154007594295
155732073186
153568858541
153568865910
153569030226
153570034429
153570325990
153571442658
153572747561
155745962799
153710779561
153560011829
153584659079
153685787250
155744118769
153823382632
154534356164
153710481243
153694493105
153715014810
153588503943
153632851343
153567886453
153685796433
153791548809
153615603903
153353419916
153531861959
154001479859
155744025871
153830345240
153594659054
153697146844
153693095137
154534270535
153681227658
153797252321
153697057080
153697074517
153698052368
153698085774
153685656648
153576590385
153578653909
153584721689
155732071637
153997015532
153584771008
153585379297
154001489900
154007690941
153698092110
153568915663
153569128235
153571520258
153685803157
155744081612
153615591207
153791827452
153693177697
154248989783
154002587680
153524960213
153694556698
153823376388
153357318427
153581700198
153581738601
153695460581
153357008178
153796102799
153827913910
153524822637
153358317346
155733945262
153710449030
153577464887
153578811194
153707124391
155134086719
153694506323
153695573400
153692962193
153538803729
153628222264
153681271211
154326550364
153688527253
153694476895
153695521261
153698092860
153997168477
153589750678
153576258335
153598462428
153559718953
153594424417
153594478141
153594488168
153584753318
153707086681
153715105948
153651259075
155744011183
153586756960
153552994566
153716653904
153532257282
153716689956
153619338679
153688094782
154256948862
153628212016
153715398280
155733386967
153524932183
153582548919
153542762252
153703015923
153560030381
155733910795
153536816046
153831386370
153553430036
153698093574
153695648039
153525157896
153536632840
155742315814
153554423183
156920942548
153697121914
153997075072
153570377764
154002549855
153681264166
153693436722
153705537533
153358033471
153584700313
153584726620
153568873386
153697119821
153698033668
155132693897
155132759922
154007656696
153587543556
153588879884
153593476884
153593487213
153594492863
153585748793
153797286862
153696755406
153525141626
153581811582
155745919212
153569164235
154001439674
153581653313
153358313549
153596134081
154441390050
153564229091
153564248744
153567549580
153567745190
153567752264
153567771271
153567772951
153572484384
153576536824
153577737055
153582538222
153698004061
153705723258
153620348657
155745935307
153797243845
153698071384
153571674605
153565243496
153564278153
153576606891
153584691731
153710446886
153526325489
153610167468
153528897730
153698008897
153698185032
153710409604
153587704583
153698109212
153628223483
153560917671
153797301885
153593539311
153585744341
153576250084
154542893308
154460723789
154052920888
153685774156
153587710052
153592067094
153697152480
153581659919
153698006364
153561221241
154441284684
155735680353
153565148866
154007623788
154534252297
156573730442
153542401611
153828006793
153702008159
153594535767
153528906945
153565213211
153570323394
153573886104
153576439025
153707113289
155735524888
153694676455
156920956972
153587842940
153698055600
154002576369
153585740517
154007730243
153685861161
153576577093
153580124109
153584737649
153695461575
153526272823
153561182009
153697119228
154545307028
153570329248
153528899130
153696909678
153694447826
153695895901
153688421880
153688081734
153823455099
154002652809
153592289463
153557913540
153615503722
153580284873
153584668187
153587617619
153587676449
153587706626
153587718606
153587727678
153587740679
153588497657
154007732770
153585771940
153358383312
153694588033
153694373136
153695704609
153593471010
153675737447
153580061065
153580166935
153581662870
154545397157
153710382958
153567895343
153586746706
154326579099
153681396581
153569189444
153708118725
153797342323
153705521072
153557916440
153791673750
153701732923
155744067698
153562323845
155747498646
153703039077
153791662848
154545277569
154006233281
153567785209
153567792807
153569949768
153571311582
153571400491
153571411512
153571551980
153553427067
155737199585
155742525847
155737325414
155742282360
153525005661
154266486615
153705541311
153705561139
153558254928
153681324281
153606612718
154536657429
155735724874
155733950795
155732075202
153562355188
154449068671
153685682366
153572478956
153580363493
154001144572
153705500453
153705504568
153351400383
153848340320
153698078443
153588975305
153830602736
153586446634
153587847072
153588768419
153697070237
154258499685
153559951949
153571316897
153637742406
153694457219
153612937490
154466271089
155742540206
153550617056
153579209451
155131387042
155134063290
155134068368
154471038644
153610106225
153594460150
154447968337
153544471793
155744017179
154542843007
154460971097
153580065102
153697055387
153563851823
153564225231
153564242768
153565264647
153572947690
153573837843
153625199699
153715301711
153831342475
153565184093
153710771081
153999622474
153558169610
153672133420
153565211197
153567450653
153831565216
153571682475
153558207136
153554359537
153559562755
153669300541
153678462928
153579178067
153580160852
153584715621
153549513040
153524948599
153797362856
154449274920
153356030243
153831394995
153830590131
153593509221
154443988011
153710475196
155747440506
155747453042
153545577695
154002533976
153594508406
153594513008
153524781384
153581761210
154457418146
153577490885
153698076080
153698090147
153523502073
154469685785
153564232549
153568964085
153576200247
153582555432
153698200232
154441381955
153797299099
153999613429
153586451617
153586731108
153587534070
153620312791
153703041060
153791743910
153573887668
153693190176
153554642509
153597750308
153716679640
153681417450
154533018574
153797348554
154006562371
153796207968
153549519890
153571451164
153853560561
153695813007
153612934532
153707074149
153669311149
153616609266
154542888255
153704114350
155733918240
153572997669
153703066858
153831442603
153687225299
153698086470
153695646396
153594626731
154321042535
153358234740
154534254076
153542788721
154277005831
155744085423
154320125532
153694268473
153688278261
153565153684
153694636355
153698214901
154534274197
153697052808
153622541851
153704130339
153620201455
153597603526
153696759067
153564255340
153565233743
153565240826
153567543676
153569169547
153572519487
153572805180
153572859706
153557885292
154443842169
153564237061
154469692124
154007456381
154006585359
153619341980
154001398358
153831449020
153558119159
153702893482
153622504843
153688086972
154458817230
153823518714
153622327572
153672021384
154008463570
153551685222
153559759511
154443847814
153564251149
153564264607
153565250238
153567587844
153567623138
153570298739
153572491748
153572514128
153572576636
153573831740
153582521602
153580531885
153524857142
153685641557
154326694269
156626055202
153712311126
153680279577
153611472165
153712206333
153589758709
153681313899
153615511022
153550484859
153565134895
153565174182
153565193691
153565208191
153567639220
153572900223
153685659704
153588676254
153588697964
154470086825
153584649096
153564056440
153678688665
153831356440
153707004710
153830554413
153557897039
156587308547
153682649415
153588703272
153593168454
154547032794
153610208316
153594664385
154001239474
153685822046
153681254619
153681421397
153632788546
153570264091
153705564208
153705568776
155733714975
153705728974
153564079475
153565200575
153567603716
153572502010
153573835287
153584591383
154536642703
153711909186
154269503044
153598392713
153628229370
153695698992
153688015954
153622340987
153698077348
155733762262
153710627736
155737298627
154458830105
153577456927
153571455885
153694670462
153594510416
153567529517
153576206550
153545486344
153551693242
153576457767
153715455726
153791562678
153694330690
153687207359
154248978463
153681301882
153571404557
153592265368
153592311406
153796130603
153580099868
153559867082
154001045330
153685783933
153565188578
153565266623
153567494461
153569178338
153572561360
153572850040
153573841526
153577477252
153554280217
153576545567
153577829427
153796201072
153692983913
153689614682
153576206864
153631312037
153585734156
153597180673
153597406506
155735700248
154469888350
155742289034
153693269199
153694702071
153624071190
153554419154
153694699557
153705501786
153637786407
153560993337
153526125589
155745913757
154442880172
154260185986
153715011299
153523549608
153524738108
153831488185
153555440172
153559570231
153791736248
153351592910
153697114706
155134097109
153702885546
153829133440
153632807606
153823524240
153999835017
154450582236
154001460717
153632644088
155731515402
153558202257
153587712236
153588464421
153593214301
154533028411
154534249512
153593187150
153685651482
155132706175
153616632801
154457266795
154441086789
153595801301
155745949283
153571558581
153577731408
153558210075
153796168577
154001456215
153587761167
153707149944
153576483941
153576519868
153614185357
153606552947
153570238357
153572953283
153681266288
153680053011
153551808354
153580105050
153580489767
153831362940
153526321411
154534240063
154536640364
153576267587
153576338506
153701692555
153585402683
153585404313
153585413253
153567504061
154001124151
154002914557
154001149651
153687118979
153614185181
154534248060
153584762624
153632804422
153688100335
153554574086
153637764767
153848361807
153831485840
153586756503
153596289574
153715112718
153791792784
153685684251
153353540658
153526316129
153533690480
153549160055
153689797103
153526153227
153829129930
153606609665
154536641801
154457098814
154450598041
154444082169
153823373868
153598475288
153710484117
153533705470
153706882487
153694523219
153701880032
153634135812
153686941045
153563882829
153564071780
153564074142
153572495375
153554647594
153715452801
153701719717
153613754198
153613767931
153689553738
153620474552
155742456239
153681382381
153567538372
153567581708
153567629503
153567740735
153567765724
153357243311
154002788542
154534259822
153576577676
153567768985
153611539502
153542793815
153579107313
153581620033
153598476615
153634098996
153524978940
155132684328
153564075998
153581749219
153353400451
153559941943
153580528567
153680185121
153712357018
154533157460
153629191810
154007668083
153685829605
153607526277
153570196482
153585382280
153585405665
153585409341
153686949198
155742324271
153703068945
153629705101
153797292142
155731876738
153702844319
155742346873
153561189297
153576236609
153580448834
153796177003
153576276270
153678683882
154443954338
153594628297
153555551598
153704584673
153830354772
153571681899
153593484797
153607592173
153622361898
154536704008
153580469372
153358022871
153634133097
153549143113
153558099305
153688129931
153693203676
153358398002
153591860131
153355795688
153554641157
153694452546
153584783438
153688511148
153796288541
153712238209
154533089266
153621522931
153620346809
153580497629
153698040258
153695493426
153551677480
153523509055
153702910591
153565160519
153350586937
153668844741
153567518339
153567553783
153567759041
153569181468
153572855683
153535217408
153588771483
154461080844
153584765511
153577710174
153597580022
153830581760
153685772126
153524944678
153586454678
153593493056
153551681100
153707065648
153831441540
153585407490
153585668415
153669355494
153523581796
153554584603
153545462662
153634126278
154447783283
153704338499
155733915502
155745946600
154002581281
153550436181
153550578813
154001464157
155132715852
153551694515
153355711670
153357210539
153565117180
153570271643
153572742355
153621568700
153615481730
153695477845
153671954015
153533692298
153697010368
153791652682
153358047572
153577690675
153584651470
153681234458
153693371118
153696717403
153678862822
153620546098
153696793219
153619339075
153622471199
153577831135
153577839532
153579063252
153580423387
154441335363
153671772721
153615183711
153703134316
155742353080
153791629012
154536797221
153606722634
153715354833
153357269275
153610097048
153685820910
153576221975
153715114415
154449141122
153350586947
153796284064
153629493859
153615635308
153619121141
153695890621
154002646567
153614182162
153557844833
156917201445
153528881737
153584757748
153558220231
153553400472
153558246913
153703136500
153593314091
153592299610
153593507304
153715411908
153565178468
153681257772
153681412921
153553392871
153796234851
153598424056
153681391226
153593518140
153593537701
153715131277
154001021256
153558190147
153572846892
153615667054
153619398926
153549120385
155742296802
153681229530
153685804611
153688321777
153594635211
153567443649
153567461952
153567802240
153569186083
153569193306
153571508389
153676041651
153606308481
155742301624
155742528501
153701710412
153557899834
153561310992
154533016709
153999591447
153554289502
153621253267
153572507000
153584741170
153681206767
153681380578
153585654957
153698044287
153577867624
153689470375
153693441992
153551815083
153694593999
153695514826
153696926609
153696929930
153697042922
153526156311
153705711494
153615264100
153711913573
153550720640
153351348738
153695528474
153634138866
153696935071
154319857851
153835940153
155735552269
155742490868
153715080310
153715176960
153822325141
153791895264
153796094255
153715096748
153796258898
153676162993
153791651339
153535244811
153594645388
154542889867
153697057883
153542767042
153551706913
153715138801
153698032785
153577756129
153579113219
153580269622
153581242407
153351516034
153669308006
153621510152
153672009646
153672042322
153678411451
153559785502
153695502657
153629810340
153688023253
155744078709
154534276664
153549103627
153715084063
153525127558
153595898231
153569197091
153687247055
153687281244
153622494111
153669066352
153680085536
153681220529
153554606351
153611512197
153685614626
154536859906
153791804491
153580475538
153569295119
153594832942
153594849709
153621556984
154838091062
154457141229
153596201795
153701920436
153536807749
153582572550
153712274929
154449521507
153619336657
153613876998
153614022433
153532001619
153353495865
153712285878
153582562139
154534261462
153705503430
153621516207
153606322697
153615254278
153629387782
153632295472
153677030338
153677037960
153677513354
153678838963
153679913483
153562265281
153615260122
153618987275
153621529445
153624180710
153687226919
153999574791
153596161670
153828058763
153523369059
153681422810
154449084551
154459686344
153351528696
153580120670
153629794221
153796231229
153687135247
155732054830
153621336238
154448005467
153611530072
153358414994
153704142740
153704361522
153560921964
153526112129
153532270165
153561262808
153681399263
153715154930
153694334014
153831466632
153572523588
153620485660
153631150786
153631242875
153560009993
154536993729
154542853143
153585746867
153693273726
153823385018
153564037538
153615580166
153631201034
153631306173
153557925132
154001030976
153696740616
155737180565
154326590090
153526222552
155733948280
153563895648
153564274443
153791808805
153797258249
153356058309
153715383261
153694604098
153615285271
153616578070
153616643800
153619211547
153621245814
153622258613
153622464438
153710836768
156576139837
154269525180
153568960670
153577434488
153577820232
153580180020
153580420410
153580495181
153685958782
153696719348
153696720134
153351614704
153675761508
153681223667
153561008616
153579051755
153685781150
153692991484
153565227976
153675604928
153685818142
153791592849
153673089934
154002515891
153560925669
153586760051
153612423969
153622325082
153524820019
153612936900
153681320476
153704591306
153679920285
153829125518
153685604900
153585777119
153570320891
153569288576
153831376859
153581636075
153615637514
153619387278
153673128874
153675931983
153569291769
153565220593
153569150014
153545761521
153576563241
153580482164
153615647850
153353546260
153564101618
153557941389
153685630860
153796211243
154542885778
153554302192
153531907222
153696718422
153525129846
154534246281
153710462026
153563944739
153563949171
153563958928
153563966037
153564050656
153572737741
153576551026
153678867190
153557836520
153614099138
153615274931
153622681401
153553397807
153622265311
153358128693
153823383497
153622701592
153678792849
153835944331
153558081667
153685953175
153687205454
153687232298
153687245427
153687290220
153696796641
153676150927
154321187053
153698074754
153637744091
153614258477
153621519313
153559710626
153559944613
153560999198
153567632643
154838102480
154838100453
153559793259
153541362239
153622500344
153675694416
153678421101
153680257951
153577461444
153578773614
153685955055
153694348910
153620425104
154466294231
154001190434
153597259814
153685710190
154007649599
153698191983
154469723048
153694641575
153616624486
153559896692
153561329284
153619406539
153677538743
153679881875
153675902646
154537059070
153545326188
154326584133
153712225090
153652124981
153592306423
153594844379
153622230095
153555542879
153557812054
153559937525
153999602631
153619366752
153621333150
153622700042
154536877239
153668883076
153567572067
153687230882
153550599682
153831431001
153710822443
153614191915
153621263520
154007716135
155747476910
153637787581
153619078148
153584772994
153675924569
153562296162
153557879373
153695485256
153542788002
153712364988
153694485937
153593505495
153625194254
153624098661
153676137243
153685950972
153580042254
153581250815
153614020250
153606403758
153999831157
153615191254
154266530093
153704144357
153704319326
153704510553
153695482140
153584756109
153669140292
153677489446
153581292917
153555459916
153542402534
153624186775
153695825289
153567500450
153651304608
153581817691
153615497197
153353482656
153708020527
153609870878
154462028606
153538787138
153681241982
153593490618
153593523266
153708090767
153715119693
153715173445
153563911466
153625212262
153705539361
153705543379
153705551171
153687251888
153695798292
153705506590
153580033981
153681415834
153694388575
155737239386
153609875443
153597274171
153567780174
153568967647
153569220856
153570049495
153571320057
153624174783
153677369908
153705738171
153685599492
153715140728
153715062695
153797317899
154320204705
153705572974
153576452180
153577808622
153579128713
153580172494
153580417749
153580443999
153580452853
153580456104
153797255220
153610227347
153611533000
153678694499
153681405387
155745734319
153685661748
153607482547
153702852960
153597745008
153632829023
153551797243
153595868897
153596372481
153597361064
153597748003
153581740931
153550478734
153563931517
153613884469
153679822439
153680180228
153614096922
153669385375
153620276552
153715147750
153704399869
153593196046
153708086052
153685658525
155742309928
153631295538
153631308151
153632820990
153595828383
153595865451
153597303573
153597306568
153597696660
153597731342
153597738695
153557863920
153597288386
153597742566
153569189273
153549521600
153835888861
153596125596
153715335856
153616631223
153678459973
153685627220
153685691429
154470976387
153577795370
153581240386
153715390697
154319936386
154260178304
153596268832
153596337876
153606399832
153606560456
153596119025
153358078599
153685708201
153555437597
154006618114
153560896184
154007738098
153596342385
153585646466
153543644545
153710632117
153609901793
153791551363
154002499007
153615483400
153678503589
153560036712
153609920692
153685956308
153651147492
153578808208
153579137695
153594528762
153791645145
153358355555
154256975269
153545347354
153607553324
153563906495
153595792617
153595832349
153595856151
153596004900
153597319815
153597460729
153597707076
153597729880
153606580802
155733402988
153791675853
154269604404
153705731144
153634092067
153695568902
154533101302
153616605311
153356034538
153685792845
153595863096
153595873354
153595879255
153595919484
153595944699
153595949847
153596225262
153596243063
153596349363
153596364682
153597375367
153597457748
153597701018
153606600489
153609908131
153611547943
153701910400
153612513495
153681427846
153831483389
154007729040
153593223993
153685697995
154460719156
154001212534
153576620230
153569186904
153831477249
153669271126
153710765581
153559893563
153570260626
153549109141
153796178175
154542848406
153681253208
153609948266
154448181121
153584793877
153693069692
153680241299
153715110690
153611491654
153677526405
154269607949
153560027606
153706993075
153554305111
153595984819
153596369122
153597296034
153597727287
153611536966
153611562240
153558000359
153577824674
153695487041
153678416145
153596221240
153611594081
153611603990
155735740653
155745492577
153569280313
154319893153
154320140616
153596334172
153597284116
153610162872
153611555303
153549114169
153580018686
153549167106
153350586948
153576523622
153577827002
153578792358
153579103487
153580272717
153580301277
153351517616
153704138128
153637788212
153704546742
153549268773
153564030909
153567821529
153597769716
153609814153
153561034542
153712362860
153536628998
153553059438
153554273119
153528799110
155733748193
153549248630
153557851022
153685825638
153565258299
153555504975
153697105744
153598360339
153609899404
153610296672
153611552643
153607571368
153576421884
153576611073
153579125986
153580109294
153580297797
153581297538
153358049324
155131198409
153685789239
153596360743
153597223640
153606448097
153606568726
153611542499
153646549822
154326599454
154542850276
153563964094
153564217837
153577816594
153715298222
153559701965
153554610464
153597756252
153597765798
153598433255
153606237955
153607569991
153607631589
153611123059
153606234226
153607481224
153715024736
153545392335
153791661313
153712309016
153524967009
153584685707
153710570794
153708160310
153677063534
153598400147
153823374679
153523478072
153678485986
153698031527
155742476239
153675709877
153577526747
153581602254
153581609319
153696723441
153597777894
153598379676
153606432032
153606437648
153606744229
153606757370
153607567557
153607575625
153609863066
153611497950
153611509212
154537005676
154542851475
153567636030
153581254734
153581605048
153707108921
153680284421
153615227792
153669362188
153669363915
154457347459
153627653688
155735694643
153679926438
154321097103
153545446190
153561332787
153567875594
153571422436
154536862011
153629482850
153629629194
155742342126
153704127946
153678830022
153695571590
153668829206
153668846320
153681419003
153553388250
153559683474
153678413727
153524731924
153524994969
153554542068
153597780858
153607607613
153609958224
153611125091
153796160021
153523485594
155733346873
155733720060
154461986549
153680093976
154326697167
153685827909
153681296100
153671774158
153557997955
154320067895
153610299656
153830568964
153610212143
153610303037
153555473694
153606282610
153609895405
153610232494
153611518715
153611550810
153580484378
153580493127
153355739112
153614233191
153679900856
153625196146
153677315916
153563927327
153571305643
153606666964
153549272636
153615230724
153620151146
153623977045
153629178943
153629672637
153629680750
153710401990
154320200928
153531997386
153828000983
153551696413
153665454268
153668800522
153668802126
154456941690
154459970807
153708013335
153621424293
153576530603
153715293462
154001435951
153678920688
153358079936
153559795063
153831382043
153606748212
153609844061
153610261037
153596142488
153609935093
153610100174
153593324421
153549185059
153619221075
153675949493
153677291022
153680268866
153358111315
153594848665
155132671215
153697117527
153358328812
153606754362
153607621574
153610102684
153596002471
153544701760
153698374600
153606325105
155732056429
155737189494
153622559364
153680292031
153594840865
153677077331
153677287595
153559705722
153696916278
153634147134
153791648442
153610203288
153651298226
153357013102
153551705286
155132701426
153614073942
153615225262
153615234314
153677051989
153677470094
153679910882
153668847828
153716662441
153545368045
153551806140
153681432067
155731887428
153701717312
153555553919
153549138213
153706807706
153580039966
153681403290
153553070747
153545763737
153567620054
153578682723
153578768355
153580047877
153581599883
153581756346
155731891727
153622475352
153671856826
153677519545
153554579701
153704608951
153613840793
153624162732
153581796903
153705552708
153580207477
153620129438
153623985301
153538817929
153677083002
153680091148
153622347916
153679856460
153704125513
153598564688
153622481999
153698001694
153694455254
155733726117
153615223328
153550425076
153620522869
153551714363
153704419122
153703047793
153676059554
153609837585
153544462784
153715028137
153545478301
153616564851
153715013012
153668792915
153668810601
153551925319
153619089708
153673131787
153698225755
153567607375
153567626132
153580375324
153554476519
153598583497
153609923384
153550504699
153555526911
154001037634
153675890577
153557966504
153621279888
153615475557
153651281247
153698002858
155745723577
153619358904
153707117815
155745924184
153677377027
153678630437
153619400774
153615167726
153578707297
153616602779
153831489414
153632543387
153675730683
153676007823
153676009603
153676011744
153620354791
153351651118
153677303109
153697106437
153697124718
153697997237
153698034972
153710791397
153619362977
153615411056
153559890205
153558086731
153596104030
153823527059
153588982770
153680212522
153702925254
154469675105
153554600151
153619394894
153542409157
153580514238
154258482260
153551712142
153629763678
153606735925
153544693608
153585757287
153629187210
153614204307
153675690315
153680222875
153615170005
153618814849
153672084677
153678783604
153678789006
153669227298
153676175541
153584801845
153619345257
153607642002
153629577417
153668805020
153621412383
153616647501
153619360930
153620526549
153572516362
153618826621
153622498159
153669104158
153672134475
153677152282
153677297620
153677537230
153678712029
153680219547
153680277806
153620296319
153668771376
153668796564
153669361202
153710816952
153823471523
153557919560
153615641552
153619092524
153551712253
153620519923
153594540392
153594560908
153594649776
153594651929
153594672950
153594701158
153594786316
153594791685
153594804474
153594821749
153615560647
153619389321
153621235289
153621345216
153621347583
153621441311
153623986587
153629801171
153631329603
153631332728
153632354721
153632540614
153632545905
153634166689
153669299087
153669303581
153669364397
153669376336
153671979409
153675631517
153675638699
153675734584
153675735955
153675943046
153676037078
153676039207
153676040483
153676045225
153676046898
153676061171
153677322994
153677483274
153677492622
153678526624
153679771135
153679912306
153680036241
153830597325
153831724275
153706968180
153615670964
153620456569
153524839351
153573876220
153796256967
153675725640
153358230975
153634177379
154266415923
153567584641
153615583137
153822393094
153612950168
153613758635
153613828744
153614060206
153614082408
153614093420
153614187014
153614198494
153615236730
153615562667
153616530331
153616558550
153618960881
153619002931
153619191883
153619222562
153619226699
153621236544
153621257389
153622284258
153622448718
153629467448
153631314088
153631319121
153669287742
153669289805
153669363136
153672092543
153673072367
153673094909
153673126517
153675675179
153676089444
153676092978
153677017723
153677042167
153677050263
153677081423
153677321678
153677374771
153677471076
153677487944
153677491594
153677493586
153677495570
153677525111
153678664833
153678816999
153678826894
153678837578
153678843352
153678855038
153678859260
153678871405
153679814292
153680023345
153680026800
153680028934
153680063699
153680066864
153680069133
153680236582
153680264831
153681216990
153594651320
153594819349
153614255861
153615268215
153620096917
153620441571
153620540401
153621576361
153623939843
153627639456
153627643035
153627663154
153628197518
153629140875
153675616500
153715167547
153358378015
153554595976
153536625287
153563863939
153675663693
153668775436
153668794442
153668806806
153678389903
153620113618
153858654636
154450435411
154458685037
153796183927
153581295365
153584717482
154001084879
153525171340
153542405889
153615218999
153615290836
153615326950
153616613746
153618841643
153621260276
153629145939
153629194954
153629370805
153629737413
153629788009
153675618260
153677527075
153678657587
153620435538
153672012262
153535378403
153535382431
153620514828
153672031461
153678385455
153678386954
153678475610
153829135228
153697107183
153680285992
154545290890
153712267027
153622524623
153616639238
153621339465
153676052788
153677167044
153677372133
153685705534
153614200256
153619084563
153622353089
153671807473
153526164225
153673127555
153697120554
153620484046
153701877031
153697110605
153357175815
153610093879
153678530742
154537003749
153791729755
153550675442
154469743142
154326565566
153561312755
153615551626
153675732207
153694597602
153594555171
153594642855
153612921290
153615165527
153615342965
153619257351
153620292906
153621565947
153622252307
153622273212
153622280832
153623988492
153627644672
153629167865
153629197340
153631293646
153631325127
153632292875
153632325547
153632537124
153632838154
153632859959
153669381691
153671970786
153675627455
153676097277
153676098494
153677468354
153678455818
153672126514
153615664827
153627661062
153628194659
153629202654
153702913723
153685610576
153606402365
153613831683
153675610809
153679849042
153715360390
153614251036
153614252261
153614253121
153614254109
153615221074
153615262449
153615288841
153615323605
153615553195
153615558511
153615584464
153616585776
153618958397
153619015251
153619190041
153619219548
153619397556
153620453981
153620555630
153621238374
153621258879
153621266277
153621498762
153622295856
153622473463
153622577873
153629149418
153629153020
153629778136
153669369878
153676093944
153677335337
153677440454
153679748150
153823380889
153831454202
153702855592
153831450416
153358352440
153620351823
153678383473
153679800425
153680217007
153681248110
153550448461
153622491706
153672088694
153677311345
153567616233
153679854837
153680189105
153614027083
154001263583
153704121224
153704163517
153704181432
153704192287
153704322826
153560004445
153592305105
154002501002
153522477478
153358082256
153621484152
153677059245
153678699167
153580136086
153678529238
153678795194
153678877270
153679798967
153712149362
153612926251
153528872370
153620263475
153624135599
153629175310
153677328394
154537007805
153829127091
153594549861
153594846873
153613753152
153615525090
153616553987
153618937112
153619213441
153621577910
153621579448
153622228826
153624170112
153629807096
153629809360
153629812480
153631218122
153631269393
153631320264
153631333620
153632782949
153632808141
153634145835
153634156008
153634157517
153634162387
153669298018
153671992890
153672099195
153673046334
153675625689
153675672370
153675683531
153675951403
153676018408
153676177162
153677022097
153677534810
153677540837
153678357302
153678833117
153680031276
153835903203
153623989119
153615303071
153830366315
153797295351
153612943907
153612946567
153614052758
153619180077
153631323384
153671924155
153672003010
153672096320
153672100417
153673129976
153677438018
153677484429
153677529226
153678828701
153678834987
153678854037
153679929988
153680019824
153680021185
153680034639
153613858353
153615329511
153615414943
153616611532
153619254400
153621546943
153622216228
153631273896
153631297586
153697149329
153629379746
153823363538
153681303079
153678696146
153587741337
155742298796
153543658940
153715385665
153715401583
153715430154
153715505669
153615549247
153619124650
153629148159
153668918311
153704190940
153621508928
153678884451
153620489711
153620517741
153619063965
153620429572
153620537074
153622509893
153634152189
153669120833
153669354500
153669359585
153671778154
153671968690
153672037873
153672094956
153675601880
153675624375
153675910257
153675911761
153675918645
153676065444
153676123315
153677340385
153677380374
153677422718
153678926459
153680058118
153680062060
153669348167
154457068894
153830474189
153587792609
153614266273
153621470216
153715337983
153611526314
153614208982
153615172569
153615217150
153615293147
153615331622
153615658598
153618964738
153619404537
153620535925
153621521038
153622333729
153622489377
153622502791
153622504694
153622519412
153622675644
153622703475
153668892496
153668924649
153669043894
153669051851
153669282119
153669344326
153669358419
153669382585
153669386107
153669388746
153671776887
153671799615
153671928083
153671936359
153671940292
153672011098
153672014063
153672046505
153672050836
153672051536
153672052486
153672055312
153672072047
153672103315
153672106713
153672127503
153672129833
153672130993
153673032709
153673137749
153675585677
153675606802
153675612454
153675614599
153675706578
153675946355
153676063789
153676080639
153677056826
153677140181
153677163602
153677346482
153677436050
153677463436
153678440689
153678451186
153678452435
153678482295
153678495373
153678533000
153678534503
153678646167
153678653919
153678667537
153678672513
153678678681
153678693128
153678705939
153678780088
153678794172
153678848011
153678878271
153679793782
153679796642
153679844588
153679852648
153679887353
153680037941
153680045437
153680089659
153680200274
153680210508
153680231973
153680272063
153681221803
153681252115
153616626617
153619329343
153619345109
153620268851
153620460124
153620487087
153622687451
153678470382
153679858109
153542794463
153621311757
153695883728
153563901568
153680281969
153680288065
153694320910
153704321176
153678392172
153594825337
153594842254
153615573818
153615581725
153618839254
153619332369
153619335233
153620349928
153621255693
153622217967
153622220959
153631284248
153631291296
153632330193
153632817487
153633560549
153634165693
153669294405
153669296295
153677171826
153677330939
153555435987
153550470761
153551865716
153613855089
153614202733
153615305028
153616576188
153618792306
153620141402
153621247374
153621495534
153622263530
153622711166
153669097099
153669277158
153671817692
153676178743
153678465540
153680087278
153612953065
153613788378
153613800583
153613865541
153615325446
153616561124
153619117510
153619337005
153621564134
153669260105
153671815791
153672115264
153677045150
153678356272
153678358510
153715504661
153632588595
154467301106
153569147482
153551744073
153715073168
153561270487
153619343126
153620254906
153671820532
153675762654
153678456877
153678499215
153681213902
153695881935
153616635759
153680226306
153612501904
153614211801
153619326108
153620445901
153620458338
153620461890
153620494208
153621322122
153668888580
153669312243
153672093522
153673142341
153675576980
153675579621
153675650127
153681243684
153532264110
153685875377
153356135597
153848379481
153535337327
154326570264
153999598484
153607500973
153614184127
153614231357
153615222114
153615296757
153615316326
153615594722
153616522290
153619377380
153619413355
153620170505
153620240959
153620499519
153621466819
153621481137
153622315433
153622541606
153622549532
153622608349
153622704546
153669280326
153669384180
153671771688
153671822904
153671931677
153672123936
153676181238
153677159815
153677521591
153679865069
153680108889
153680206640
153681212434
153675940325
153588979345
153561260659
153624175805
153704330012
153715417886
153715339984
153576433389
153629606509
153681304615
155745955170
153678923595
153702931178
153697143205
153358233065
153550662890
153705495448
153705531181
153705562679
153356161031
153702841257
153541367656
153710609625
155745511710
153569281740
153620534598
153622709290
153622713232
153676070656
153678382259
153685670334
153545340825
153613878993
153614206822
153614271181
153615201554
153615564079
153616574435
153616649477
153620182030
153621525229
153622336289
153622677552
153669077130
153669340761
153671850774
153671947251
153672036444
153672105545
153673133465
153675593000
153675619546
153675658312
153675697877
153675699700
153675764274
153676105718
153677093743
153677443425
153678359616
153678367353
153678423744
153680080055
153632674224
153705511191
153549135091
153823535865
153596194807
153607560286
153610196744
153550730633
153619206027
153623983321
154444062567
153614024331
153618817023
153707013517
153628224551
153715127104
153613838129
153614034137
153669198520
153672044228
153672053488
153673136421
153677019546
153677086102
153677114418
153677427062
153677474580
153677477525
153677481114
153678448760
153678635322
153678660069
153679870965
153680151879
153710581571
153678786270
154442840735
153612418295
153613819791
153613909690
153615203377
153619410858
153620120362
153620314243
153620431342
153675660430
153677540142
153678640086
153570302206
153554522036
153704119432
153712253469
153704422253
153606764378
153606767150
153559899909
153694683342
155735531358
153554638089
153615559040
153615665753
153618837405
153678461750
153830610868
153535313512
153687250496
153796121348
153594647554
153597699013
153557902096
153350586944
153558213438
153551776824
153350586938
153673060517
153679903042
153983415214
153358077527
153675935542
153678496958
153614047336
153614049527
153614051127
153619341504
153619364844
153619412291
153620438972
153620512811
153621275194
153622309601
153622480765
153622707505
153624161877
153668886326
153669218331
153675622046
153676140351
153680060624
153680169373
153675751279
153615557154
153689623067
153704327810
153704334618
153715175165
153715465352
153569191841
153619202681
153607522480
153710584032
153612940581
153615643523
153621453556
153621478421
153622689086
153677129251
153678928370
153619123081
153712221064
153705527570
153615198255
153675883751
153678429023
153677014832
155735737860
153550701451
153629173684
153554565153
153561020568
153704175978
154256944212
153355916468
153525168146
153828056234
153704596821
153610199860
153615404924
153353524969
153694378797
153677475459
153554639828
153671929461
153594778341
153668906647
153676117250
153678419869
153679764207
153679765766
153707097714
153606706140
153607540561
153695778242
154326594000
153702845840
153624178260
153612951523
153676091677
153678454068
153828002884
153559975394
153706800703
154326580763
153715328652
153701898174
155745942613
153823496641
153619372604
155742462123
153677088487
153702911743
153703024975
153551867928
153555446235
153581792922
153668921505
153546788735
153549145066
153550465671
153615650795
153551683997
153535169263
153598412711
153633549876
153558092228
153796162266
153550339343
153558193368
153705558678
153560996029
153629309469
153702889800
153550401975
155747427857
153611545584
153544690363
153596109903
153685634134
153357316898
153526173713
153622267495
153704396366
153715441135
153549027167
153712158775
153550657702
153675886714
153551912649
153524997414
153796165244
153351379161
153675633179
153702882302
153702929776
153703020941
153685607572
153858653759
153551736898
153705717857
153715392455
153536436532
153606236346
153606595534
153545754418
153615159466
153678700973
153669366507
153549070397
153680242431
153707102865
153549033316
153535403767
153858956098
153609891824
153610241808
153610309789
153715107418
153671810239
153677433061
153695472598
153669379978
153673038296
153631125137
153558103770
155742458204
153551707676
153646541291
153586704217
153671965900
153828060155
153859803923
155733413062
153712179955
153675700795
153704336812
153351618835
153551787103
155731885505
155733350856
153701713394
153701884183
153701892093
153669342780
153676180193
153701756112
153702830185
153571677353
153545491929
153678885606
153577768925
153580304000
153524963096
153560928628
155744114223
153702874919
153702892296
153702901366
153702908906
153702923217
153703044150
153581260346
153544480170
153668901662
153678400449
153679851262
154326586384
153694674045
153823429240
153791581860
153531892699
153542410202
153859767489
153702933563
153703049249
153715029601
153528804396
153668814670
153797282134
153716677887
153560973847
153570227794
153705529276
153673070164
153677175844
153550457479
153859797014
153703060936
153703065019
153619266822
153829105520
153796297729
153835884918
153554297538
153710423185
153551700855
153542760048
153996920184
153616642278
153549102136
153791554461
153829149918
155744054005
153680245855
153830583751
153712291821
153555470076
153549192787
155732065682
153853605776
153703029598
153702007109
153715377678
153627650149
153552966540
153672007088
153679756242
153831446352
153542755477
153550440556
153796116622
155733927754
153694700797
153696904167
154266381738
153791788080
153708079528
153576256292
153551932844
153560919126
153710589519
153613761090
155742382697
153549028949
153577495827
153831719825
153702834469
153702847667
153702879385
153702894855
153620379468
153554643347
153672123057
153701725320
153701748773
153701845236
153701849940
153701887564
153701908452
153702011353
153702026764
153623989876
153675933705
154007707945
153557823187
153538802353
153710478675
155131459017
153552999324
153629099738
153546791179
153651257625
153705716046
153671956044
153701851913
153701981139
153796199376
153702880416
153703028613
153703036764
153561255049
154326692322
153535376534
153581809644
153544467465
153355689893
153535372733
153549150937
153355983033
153629719718
153708163088
155744096961
153697112926
153701903679
154002749755
153614204502
153710430001
155731839778
153606391688
153701745611
153707010324
153536691309
153594797104
153675944751
153677479285
153708161186
153702941751
153835909764
153685798271
153598384821
153557818275
153706825666
153672089497
153559533877
153612932921
153619390818
153677076089
153710810120
153559886962
153652120718
153552061725
153551713658
153715492604
155731869959
155744019160
153576187035
153560873084
153550703360
153716676070
153632790389
153612498487
153622288394
153710587898
153796195696
153701726925
153702820954
153620497071
153827974142
153545497347
153606752656
153579116546
153634081328
153561010127
153677473455
153526161552
153618757538
154022893424
153701918641
153701990779
153702017706
153702032126
153710596218
153615624086
153550697851
153830358765
153555480496
153552039632
153706842948
153528767951
153614043363
153622454630
153835943101
155735716657
153680184081
153597278114
153597475618
153624184299
153544550316
153616614441
153710454310
155733728119
153675928764
153676183416
153677312466
153827931659
153351506508
153677486652
153791791463
153595939561
153597299843
153597339938
153613765297
153695833924
154001403922
153597773181
153351351247
153561179768
153543660343
153550745914
153550750992
153615609741
153616524902
153672113870
153615196949
153620279749
153622706091
153634150892
153559862435
153827956551
153677424522
153796112037
153715100313
153559968338
153707139603
153619119313
153629743234
153526107284
153702842915
153703037870
153538796213
153561286301
153678458064
153715142530
153680164000
153619375368
153672128914
153624013852
153607550194
153685612765
153704145942
153704513101
153554441879
154266412485
153629746125
153597271871
153621551349
153669088082
153669094142
153672005663
153672068528
153672104977
153672120334
153675608551
153677434492
153678781550
153679825754
153621417835
153624160485
153612412602
153675938681
153680283218
153678513731
153356067601
153606762579
153677524209
154266407832
153612495555
153680065234
153614166630
153553034361
153526324045
153704503982
153549063850
153598365293
153531850874
153701739222
153559507359
153715039729
153619303642
153621514144
153595806569
153595997449
153597436802
153528866767
153357251471
153531854573
153797361501
153561225795
153715404096
153612930285
153618829371
153620516322
153677072054
153678444250
153545570505
153524827169
153528888522
153685643076
153561175794
153576209517
153827987981
153629699487
153538789524
153543646652
153606333772
153678535606
153351536420
153632796337
153535318689
153612922705
153620482045
153622261553
153675926847
153676066735
153678825445
153680273576
153831420021
153351659186
153701762505
153620216270
153680244042
153685616608
153545418767
153597775922
153791615808
153710460260
153535315859
153678424744
153624165317
153615300268
153615662069
153620550038
153669167755
153678850405
153606336156
153544554827
153559922466
153615194672
153619409305
153622368743
153629766700
153796273810
153625224134
153550523127
153357023402
153704550355
153620355377
153675711847
153677336804
153677448605
153526260125
153702897257
153616650916
153797277973
153624183000
153525001781
153551782006
153620103847
153672029551
153672047606
153712172942
153358374860
153549344247
153549121902
153629464876
153524846730
153614272257
153671919311
153350586946
153629487697
153629549280
153629561465
153629636793
153616612154
154248992742
153562297373
153550718405
153704587408
153554567921
153560020399
153561319863
153561324950
153535205872
153619049965
153634140160
153677447629
153557855028
153356930449
153823503177
153542403754
153560015637
153797340489
153615319365
153550325848
153704534734
153710406719
153560042460
153701766771
153715051012
153544714361
153715450693
153579233287
153621273002
153797300250
153550409668
153551752246
153710442847
153835921125
153704501589
153629485603
153629687848
153676107150
153558009460
153544671830
153594659433
153624051379
153668837512
153677066017
153677078784
153619028332
153621573235
153629740462
153355752078
153561192516
153557860965
153545573407
153545473135
153351540934
154001255412
153672087527
153704601525
153831418619
153629137908
153577870022
153619402360
153669035667
153532236798
153552056667
153703054024
153620491747
153827912482
153823369186
153356966172
153679759312
153560876266
153356922678
153629802938
153823361880
153678370939
153715494563
153712348345
153525166377
153526328942
153677053896
153542784229
153615400554
153620507456
153678726980
153669356876
153365944161
153791608390
153528886740
153522483217
153702884273
153702928138
153702932551
153703016821
153703035108
153703056583
153524853230
153523511558
153622483635
153542399684
153531879394
153678396320
153621276958
153536623176
153549111477
153353542742
153680290696
153571679571
153703027317
153703063395
153549175933
153557907023
153622693460
153671855220
153585773685
153533681709
153791746630
153671934176
153550604727
153550507075
153827992556
153702899813
153551937067
153701986522
153622356456
153622359481
153705725696
153535219025
153358113076
153557882821
153544615377
153536808574
153580465515
153835867388
153621562481
153823396125
153672079172
153551702121
153715251197
153549100162
153550515600
153550520125
153615612611
153701864448
153701976222
153702019042
153791731294
153678690238
153523615734
153701871128
153680153418
153680155202
153559963858
153561178333
153351519646
153701867534
153701967297
154545295809
153629110590
153703023817
153708095822
153535239117
153619347513
153620448251
153629770538
153632342851
153632549371
153634154279
153668849687
153677165893
153702013419
153701977879
153549115776
153672091406
153835927035
153560939102
153619217515
153619280037
153677472344
153677535434
153678378856
153678661724
153679906040
153679909146
153355938280
153621560822
153621571764
153628201999
153629239712
153629265482
153629290099
153629470647
153629768444
153629774083
153614040841
153696905533
153526333843
153701895883
153701993714
153545591755
153835962243
153616523311
153619350071
153621575531
153629133526
153629346299
153629348530
153629479478
153696907385
153551644297
153532250067
153532255785
153546774234
153678882334
153549516150
153531912347
153561185973
153711900581
153711920238
153712213825
153712270210
153712293420
153712337610
153707140900
153701901973
154256931982
153677445713
153848375245
153616584422
153619354471
153628199885
153629361937
153629364673
153679917116
153581795428
153615509563
153615568102
153619352392
153679921947
154326610992
153549140448
153549108838
153351404032
153835878931
153598376585
153637789107
153715034134
153702876004
153702914674
153702934823
153707106971
153791741926
153536794613
153357185023
153569293806
153796205976
153701668765
153828004801
153681401888
153619194334
153668878392
153677021185
153679915629
153545455770
153701758931
153702823777
153702828500
153678490638
153365939201
153531861049
153357000392
153678380417
153621569965
153577471569
153615175505
153622467197
153541349682
153551763703
153706885081
153678427227
153524848617
153675665114
153523529710
153536618500
153536756703
153615239389
153551876751
153631136340
153531995662
153545469228
153545583192
153701906398
153701855449
153619392464
153668876683
153559931616
153531915218
153550501365
153678663265
153715089679
153823469372
153710468767
153536818028
153678703855
153525125027
153702035305
153351462697
153681238758
153701695591
153675717332
153632740708
153607517313
153351390119
153353423447
153710615669
153351496797
153823501477
153701659240
153614238411
154554435328
153535213667
153835923623
153526170939
153550591740
153357228732
153551803426
153587837678
153535363423
153685628682
153545401691
153675913666
153628218832
153796266713
153624005362
154460838142
153550672872
153702831494
153536814154
153580516190
153710399035
153351550229
153708094445
153791847263
153545443722
153676033762
153550468115
153669040266
153550493813
153708116807
153831357521
153528874842
153680157945
153550422457
153677515193
153715310470
153701708748
153632350660
153351459155
153357016018
153707095536
153544677811
153634167994
153536812448
153676035554
153525123358
153554308569
153549106448
153630799042
153669367959
153677535904
153678374367
153557991124
153678377937
153606441368
153580519694
153706756758
153671764267
153550630678
153351338818
153523539381
153538816749
154269617359
153830239573
153630802636
153710445004
153677182293
153524943698
153357277918
153524830022
153549518528
153610136161
153796217849
153584804881
153545484940
153831484568
153561241721
153796295580
153996932619
153356050318
153551650597
153525153458
153526338537
153559490192
153557981774
153551988882
153558179678
153675740175
154001471289
153557876929
153710418593
153587727171
153704543805
153526144240
153545450785
153710381138
153672102444
153669372709
153707126525
153607542775
153551688460
153550726758
153669284576
153796097393
153355697284
153525169968
153835886339
153351473576
153358027546
153595995514
153710621828
153545621575
153593479526
153550428937
153550667559
153535246225
153353490554
153544720183
153551750345
153355757881
153528788914
153357171216
153555486184
153549097480
153712304248
153356153259
154326604981
153351398114
153561250046
153564035143
153533267868
153703062446
153353559194
153558140293
153531856525
153351590600
153586729780
153710590827
153358238493
153555477619
177911595159
178119990300
177810480187
177986991881
177756851277
177045329192
177683312995
176963999119
177921521885
177258496982
177333627555
176928980860
178022174152
177891440192
177767559287
177210750951
177856245968
177884356018
177345553034
177305542785
177026264381
177555570054
177846472612
177265385391
177461064971
177720504712
177982779710
177856251624
178118289589
177793300663
177555584743
177743175366
177028837523
176986704020
177313002423
177846456695
176983759160
177542317579
177986997862
177341282136
177881328055
177635094328
177193158334
177963866431
177045214179
177835151825
177333627559
176864644945
177843681536
178120146235
177576826498
177843949520
177570985469
177542392109
177804928041
178016976043
177788140964
177979722069
177865494190
177911618096
176975647855
177045195434
177512438157
177193159841
176983748428
177476921455
176956337471
177542335410
177542319300
177722777024
177149083772
177635260058
177258561636
177849226618
177767494173
177083206705
177461130064
177426683889
177405858369
177476734142
177510939323
176998413969
178017007947
177624410609
177807529113
177077444814
177846419827
176939554128
177523954575
177007163819
177303524549
177838136115
176939556940
177767580279
177790237367
178051347519
177542329358
178139369505
177309836796
177037253962
177677336030
177362837530
178139295001
177067593480
177804931248
177816409554
177888044286
177788144751
177644785133
176939576477
177832562987
177461123697
177082982618
177677363168
177921507659
177986973316
178142404210
177743221958
177551290060
177835156615
177861365187
177167885124
178107828240
177178975601
177895468292
177807568540
177868837623
176967252087
176978252455
177567653494
177040271113
177419739785
177807603679
177720484089
178017026742
177115749651
177555563706
177829931719
177582547602
176911895736
178016989187
177455327745
177077477227
177178973581
177807599511
177014076326
177732558554
177419737684
177840585848
177429177746
177341282133
176983751224
178118278383
177861359384
177067586654
177851498210
177556701015
178028103435
177388191740
176947174466
177743101842
177720534817
177703712239
177843691398
177756888265
177793803278
177362838054
177121087757
177824370187
177083309245
177624357104
178081024584
176947165479
176853834965
177019809940
177884359963
177532299942
177047892997
177712539764
176939562216
178017064199
177793304277
176986691661
176950003675
178081125239
177861346708
177729186498
177474153612
177683233530
177085443936
178104649026
177058557401
176924870331
177703671852
177294392693
176975637430
177840588269
177532216445
177673993830
177729227621
177979726840
176995292875
178016294735
177918039081
177683235766
177461021570
177868688774
177007252753
177917611451
177493680499
177347955667
177846335031
177429184799
177683315356
177388184742
177979737386
177881336335
177331063472
176950032987
177793335760
177816298622
177876484366
177843917360
177903511846
177903514356
178172719798
177045354729
177827077351
177918035185
177732552417
178172753693
178172768353
177725926573
177047903355
178119970514
177047803923
177104208907
176986835580
177007185410
177067572355
177743112542
177635060225
177124207819
177172883362
177482093750
177767568468
177658390584
177605714199
178017056304
177096417747
177224813220
177729222526
177982759487
177992130003
177436448202
178118225133
177868791636
177658354844
178022110038
177963780161
177870958058
177868833411
177756879004
177455322108
177455273041
177313002420
177840590447
177582457060
178139322001
178043174122
178051365258
177426668186
177362837232
176964043226
178172728594
177732589284
177838180149
177891421781
177037232205
177895458428
177118569088
177456290655
177841902590
177490968264
177579497998
177362838604
177863406864
177461128091
177555596389
177824368263
177881341081
176930682195
177222066653
177972816675
177816458025
177830036406
177265314338
177804967122
177729216856
177911614074
177083046394
177582554358
177193160391
177838129311
177121013915
177743130526
177439068323
177868803681
176973666931
177841926195
177841731986
177605740693
177050690882
177064197990
177658383783
178016301251
177790282332
177476879547
177841723611
177306080633
177040295544
177405873529
178046158598
177314690486
177767508503
177729183314
177677331320
178172739159
177474138579
177419735062
177841715049
177644758118
177137608577
177542325346
177961214951
177982767522
177767614799
178044445578
177961247764
177045278336
176967326982
176939410650
176961795100
177732562399
177692649476
177058550163
177014199926
177635293332
177352056717
177458653840
177542411982
177881274413
177630542244
177083041610
177436441394
177054287379
177104299716
177790212498
177961234449
177790301751
177805426645
177843668743
177861371621
177461126983
177884364169
178119965770
177339536906
177644707043
177461018683
177149082165
177045231753
178139268236
177362839175
177743076142
177064114840
177992152977
177172879546
177720510503
177555579807
177341282137
177816364450
178024940819
178044486356
177347955670
177121133229
178044464251
177732568946
177178977921
177419744576
176933627242
177258564226
177641451552
176967235652
177319208374
176930764862
177917604302
176961762830
176973696197
177641402030
177630527438
177458585095
177339536901
176933652441
177067562456
177683480191
177412122332
177193159507
177193159206
178139325620
178119968811
177732564923
177630682778
177213109737
177319151078
177963786396
177950214626
177624307194
177889209366
178081033498
177582399169
177047878655
177641444773
177641469409
177851570767
178051400199
177007147902
177903473656
176927848757
177807719083
177793348345
177868785344
177986995082
177824344110
177555556680
177868757334
177582394713
177876324382
177026306105
177582567663
177911548300
177124154439
177456278804
177835171821
177034506062
177058531069
177461158952
177405828787
177824364827
177466115657
178142462071
177641448204
176978152627
177567694270
177868731303
177040255538
177826925968
177843942328
177045324623
177856247680
177045327981
177014139648
177434151182
176978189834
178019291148
177124218715
177085452425
177542355658
177911571643
177963860180
177007201796
177856244433
177677325912
177725921284
177674032684
176998415881
177788152005
177826906114
177558789126
177793292530
177630631655
177630572243
177121143015
177729177988
177805414878
177805406682
177674036805
177213106022
177805480845
177729157102
177482086632
177067589979
177868824433
177979765984
177124183586
177630473167
177461023289
177827053287
177082823104
177333627553
177083189650
177630463904
177439066218
177551298825
177624294841
177979654813
177841699121
177101635154
176970234243
177561532530
177579517245
177891412989
177605789090
177861560063
177341282139
177490954996
177101642860
177561553860
177624301413
178043159176
176963992972
176933668776
177743181542
177807555060
177303103715
177790329853
177542351815
177843938027
176944540909
177805522533
177149081192
177491007308
177874475657
177426705234
177576843862
177510955165
177891436491
177326125158
176973675249
177911480248
177689188748
177891442850
176992493877
177512434148
177884462687
177865498997
177830026111
177903501280
177861665848
177193159034
177582605705
177982719911
177903506302
178022106052
177630591064
177028843874
177667416303
177341282142
177474091172
177793340657
177434153897
177788143121
176986644290
177058519713
177863427151
177341282140
177167880410
177810240171
177319150704
177868764939
177082840270
177431948850
177014229772
178024874041
177352056719
177725951777
177917618684
177303103717
177555559553
177970159929
177805411459
177419743577
177816448804
177014237628
177466058954
178172772390
177474077738
177101545772
177589857142
177561558475
177436435862
178022049207
177667414411
177824388839
176986841115
177077442256
177567627855
177950193856
177950159963
177003631801
176978228414
177844022514
177490987759
176983754259
177827167304
177469150507
177644702471
177743212475
177124167508
177729205255
177309836800
177040250763
177426669317
176956349066
177555595049
177835208496
177673983869
177677320542
177712495425
177884517959
176927830844
177429191797
177149080367
177667412824
177846367608
177561503775
177431937650
177167862482
177067537655
177793374581
177215356762
177555586209
177843908484
177841909410
177830042196
177832702225
177861596581
177172525399
176927756641
177265354699
176924883785
177556674368
177542369136
176978243387
177790361739
177843999923
177673976221
177712515184
178022139965
177028830295
177058576032
176939568806
177911620893
177673988912
177058569563
178107832829
177793354759
177045335238
177881248834
177788148077
177064132540
177805434319
177034607478
177911500137
177482088862
177193160018
177077437061
177979756864
177582433175
177579515411
177039641041
177083250136
178017051818
177104065813
177551296522
177992125680
177145565159
177213128823
177101606877
177641455276
177082814479
177982691668
177793307044
177829912712
177007255205
177461175223
177841891244
177816368483
177861490621
177556814759
177265299360
177341282141
177319149032
177849242733
178028076984
177115691424
177426670241
177101689338
177849221924
177034638756
177841887512
176998413707
178028214149
178022073256
177579519274
177658375119
178068597968
177816331706
177804959799
176973708398
177482075777
177841899826
177455296456
177172799782
177309836795
177644806625
177461212888
177322407221
177582410508
177265349930
177865528896
177840582529
177137659121
176998414238
177466063412
177979731579
176961789733
177579508096
176924839294
177827184459
177756842123
177461184543
177861620929
176928849957
177982753185
177213086670
177841779254
177605783910
177034659474
177455192061
178044434216
177824283691
176978221330
177712512686
176939456512
177412092287
177429182650
178030481896
177555599792
177804909313
177895365564
177003598149
177303103716
177405890044
177388169233
177561514353
178017002476
176995265196
178172789691
177026271789
178016981736
177992146307
178019273682
177350148725
177034515679
177019836237
178019281648
177487585850
178107836198
178019270805
177841870949
176961694100
177028862214
178139280283
177118562246
177461166060
177756883466
177824337793
177644732990
177026256121
178024864887
177322407216
177455302556
177876489411
177064150664
177826898599
178016308376
178030494333
177019856860
177703716134
177319208120
178046151852
177884550204
178118171607
176930759703
177101621342
177979749649
177124283566
178025009222
177007176307
177827173093
178139260097
178120161728
177865464048
177790392099
177118550104
178142355967
176939419466
177121158575
176978146942
177840556499
178024928789
177039624012
177172839716
176982457806
177419742590
177807510205
177816324567
177003642895
177982726547
178043195555
177884383700
177456309102
177512439516
177729189944
177222067680
178065437485
177846460194
177827195108
177345553036
177213144564
178028071182
177918024854
177884472935
177313002419
177790290218
177455323811
176973655838
177405811419
177172898789
178118266282
177064146799
177982739493
177455300861
178022137153
178030489147
177466072130
178017011164
177431944527
177064098359
177132900639
178030478203
177793330746
176930713947
177487602313
177429144540
177673979290
178118137558
176846578732
177630495560
177172954171
177345553029
178107810510
177979764296
176979265431
177487627145
177077451418
177689182951
177635075802
178019278482
178028226868
177474146721
177979652595
177026208798
176939584494
176995288518
178016265604
177034629561
177319149484
176983757679
177895366995
177436453042
178172734839
177429181556
177884427599
177827031756
177840559104
178022046443
178120051891
176998414472
177323902899
177077483223
177487597053
176939445002
177054233034
178118155223
177579521973
177868771589
178080957860
178120123760
178024877953
177970195053
177167774527
177868702375
177132919766
177982812711
177054302205
177434150170
177132909981
177561535145
177843647480
177034631021
177362762182
177556803654
178120042821
178024881756
177824373087
177050660384
177827073564
178043177477
177405869857
177172923246
177635106191
178051422712
178017043644
177903468495
178142456507
178022103711
177258543575
178028232501
177064111234
176950036326
177903509215
177124165529
177007221774
178028234774
177635111005
177336240243
177635273197
177487624017
177876428630
177790275125
177047767439
177556709898
177487631969
176995266952
177512430563
177689154754
176973714281
177542323610
178118258259
177040291953
177458646440
178104600168
177461114588
177840526209
177556809875
178081186114
177476739440
178120137001
177145622817
177804952184
177835165783
177703701707
176924851426
178030571052
176964059774
178044472056
177868694206
178142428676
178022143706
177067601157
178142466381
177493673615
177720439863
176982455350
176924860962
177104142875
178028065390
177963814091
176979308430
177816292494
177258522693
177003625394
177115259913
176930638750
177474125591
177582478458
176947179117
177849232354
177193158666
178139363902
177824319876
177754109062
178028101232
177790309835
177827059424
176927893115
177889187627
177326125155
177767551064
177992117788
177145633078
177149085423
178120170436
176982360519
177419745550
177689149265
176970242533
177861485167
177689185566
178016978094
177083222104
177306080638
178024868862
177455381008
177641423944
177979612999
177582556522
177829927438
177045307022
177412097700
176930788097
177805510994
177456288781
177804937171
178022042389
177474130335
177849223894
177412094351
177564695882
177137642226
177469155299
177635064523
177064175565
177875733776
176947154978
177132888442
177982675930
177142553086
177903484012
177455190341
177007192752
177070493951
177703708947
177722797021
177003658446
177461107788
177067614471
177895448961
177767618856
177455305409
177265343782
178024922305
176967406513
177979734322
177542321074
177461204245
178046131727
177461064305
178142392287
178118213787
177466117881
177911539736
177852720082
178051429161
177047897624
177826882082
177807418163
177429179382
178142366582
177767607786
176986884340
177875736618
176967275749
177224807682
176961699282
177417329057
177014227273
177083073681
177417333579
177816375062
177816403979
177339536902
178142488648
177115274794
177542350029
177816262207
177405857054
177333627556
177644725798
177972802930
177461211591
177405860410
176978233905
177827088758
177861586251
177309836798
177982823600
177712483628
177641418397
177564719736
177466066465
177835218111
177605815009
177884529509
177213115484
177635279872
177426704621
177570951871
176978208166
177461058276
177096442779
177807518922
176930778125
177970179567
177461105735
177582559164
177258556366
177121035788
177793777937
177045234777
177832536455
176939547134
177331063475
177720452405
177884534771
176928809231
177224824088
178019284355
177431942923
178172717146
177028854625
177635037948
176986867946
177841917881
177331063476
177720445007
177461120759
176930784667
177861607463
177861506922
177167763464
177979659723
177841769347
177482092765
177805499175
176979258869
177816422138
177564703246
177564700906
177064178946
177571024478
177804939505
178043171496
177336240234
177861553806
177793779854
177466122240
177602533141
177840553555
177624344360
177816427619
176956301660
177895362566
178118300197
177881241450
177863410223
177804961411
177963820041
177889142649
177846448432
177436451306
177838056304
178118163678
177551299623
177431939911
177918027413
178024914446
177493666983
177664803425
177193159379
177455298244
177077471715
177874477646
177265318167
177104157652
177821929959
178017018316
176996119327
177672052215
177542385715
177058537365
177048594821
177624324406
177115713893
177326125159
177582561365
177542344182
177856249368
177458587874
177487551712
177096404851
178017049387
176956350805
177846347355
177846481395
177582493762
177014176544
178022075332
177805493804
178139303756
178068740040
177132945428
178172700056
177045200116
177963774099
177461025061
177827041263
177589483472
177641407508
177720513154
177863429749
177843675468
176978238335
177821891714
177542388378
177383461140
177314690488
177861467044
177963839913
177354291121
177963760250
177178971078
177987073428
177474152296
177725917499
177895365895
177911511693
177876482809
177790359233
177558795042
177026235341
177319148811
178051361173
177137655399
177132852766
177354291124
177841692533
177884376774
177388167854
177034527836
177178984657
177512745430
177950201419
177132870805
177874476509
178120097254
176927818587
178022157113
177458573198
177039637235
177026240529
177861479938
177466076912
176944498289
177215349436
176944518298
177319152008
177816329288
177793781022
177824382404
177571036948
177561489758
177040261790
177145588925
177167840283
177852636508
177003586842
177972821546
176961772734
177805530362
177045272658
177303524548
177350293761
177829905902
177582361973
177124228099
176979271004
177474150897
177034632883
177333627558
177026307783
177884407655
177674019351
177067620329
176982449038
177982685879
177466094611
178016282380
177215353531
177624332724
177703705753
177743144861
177555587347
176944530523
177888118174
177258476211
177007229846
177319150122
178046136603
177007224629
177624370440
177722785273
177874477172
177982827699
177807483906
177542360621
177895396648
177336240240
177876480999
177064183210
177579501233
177582564176
177434152256
177722815666
177115728779
177040286560
177564729536
177115744088
177911609059
177429146945
176967354078
177104069688
178022053026
177917599176
177729152316
177911581550
177992138753
177542374661
177419747367
178172758873
177019844121
177750277659
177875731501
177961218035
177167731836
178043134422
177050655555
177178969027
177096480436
177323902904
176983756373
177118528562
177104052394
177026224439
178142420588
177469163719
177064123454
177193158883
177835190371
176944509160
177805080643
177082871232
177115237298
177722772993
177455325645
177556719860
177602502300
177970211102
176975651698
176983749480
177487688848
177034634351
177921517731
177579503467
177222067188
177456299974
177455316319
177026251486
177034636189
177137591068
177579520522
177476712421
177841765009
176939431714
177982817265
177083227549
177840536102
177884554116
176986669933
177258540143
177104045247
177132841606
177487560151
177861368369
177336240239
177345553028
177891405399
177083195539
177426703946
177121207377
177019818199
177555589605
177805475655
177014197913
177487579756
176983752495
176978277779
177064185994
177641412216
176949966042
178139348815
177921512559
177167717653
177067555372
177037241763
177816288581
177149082900
177561550958
177805489265
177703694571
176944558810
176930782597
177339536900
177050727991
177970222812
176961688379
178068728584
177455367464
177827176147
177542318794
178068749535
177405855258
177222067354
177644693358
177137616360
177039685488
178030485490
177075633369
176930869890
177790232029
177961224184
176930780881
177884400479
177014233387
177075636056
177362836986
177347955660
177303524554
176933714435
176998414818
177542405281
177564698435
177132937301
177564725943
177816358467
177635071268
177807332905
177605719025
177589391570
177469118873
177835202639
177841839776
177712518561
177101583482
177840529376
177579513184
177210751160
177564732321
176933718603
177019805789
177807306270
177070524419
177104280146
176947145176
177982821126
177455309161
177884504044
177635214907
177193160225
177083171242
178030586033
177354291122
177556823466
177605811957
177215378247
177469159791
176964011834
177178982798
177911672724
177210751767
176930770837
177037265037
177979761764
177137635191
177137580094
177461125383
177673933708
177602554036
178118248029
177336240244
177070519471
177405808778
177319149896
177816312682
176964021974
177589399487
177039679577
177804964243
176979255018
177193159677
177564706376
176973698453
176961748358
177846388457
177210748978
177341282131
177512441521
177121121075
177921501484
177362838272
176979276528
177115224592
177429206706
177326125157
177579490353
177917607339
177383462167
177083231162
176982526021
176929024970
177816302377
177888075029
177843671150
177821926636
177972831264
177487564957
178068762483
177664804934
178120100685
176928841659
177474086049
177644699596
176973721000
176964037590
177832554929
177605725374
178065454540
177602520843
177972827054
177843932866
177804962579
177987062219
177362762646
177045351959
176930678265
176930808228
177542324411
178172765047
176925341050
177512743427
177083091653
177213133752
177605751547
176927876051
176986676366
177026215676
178119986383
177050676941
177326125156
177265304545
177838176377
177466111984
177582469881
177895364830
177911562292
177821903370
177725940063
177124161299
177167744926
176947186000
177863415907
177861521639
177461195477
177101593200
177137624140
177624339596
177222067488
177082857604
177542305272
177461167019
177048554987
177542327029
176936572420
177804932773
177605767634
177172787253
177576841303
178065459415
177172932239
177309836797
177821904622
177950174965
177793804552
177014181276
177790424007
177482090391
176998412725
177215392466
177101573403
177082882177
177050650477
177210748088
176929031465
177064157404
176930715580
177843957481
177865501234
177832543958
177821921716
177007217081
177891431086
177121192709
177026278527
177838173405
177720468866
177852637406
177118531337
178065426061
176995285310
177861547782
178104641429
177051312306
177582507270
178119994642
176995264043
177918050972
177210750190
177589458319
177137602702
176944551128
176992533460
177405806507
177050629640
177474096630
177624335495
177145598049
177868750966
177083051972
177821910347
177431938931
177405841694
177345553033
176982453434
177868723940
177561477717
176927794794
177436433466
178068765617
177083109500
177178980472
177210750716
177118566251
176924818148
176944501798
177145581110
176924826838
177903480985
177350148723
177868717785
177589418893
177210749926
177210751474
177487685549
177911532167
178120008766
177807705643
177561548589
177602512974
177807592063
176930855844
177630445948
177082887689
176978267300
176961676609
177045315444
177215338322
177007153706
177323902903
178118233297
177323902902
177664812963
177664808565
177555588151
177861530442
177542403512
177602524712
177064167740
177429167515
177034621076
177003606681
177476707615
177979724357
176944543733
177832566746
177881332775
177891458963
177431945717
176930676006
176995262449
177482091697
177014093135
176944548109
176924857993
177319150463
178120047929
177115698830
176982451304
176927858295
177323902900
176956308991
177331063473
177805409289
177341282132
176996139428
177222066851
177865525881
177178966823
177115286104
177582531680
177101686841
177007227440
177417334747
177083134157
177115267550
177891455139
177339536895
176956344602
177101555542
177045289798
176964034717
177047771274
177810228357
177692655891
177314690481
177210750427
176939523391
177821901418
177222066997
177821906298
177551297496
176975596856
177829938764
177756869111
177142557024
176928984843
177083007065
177070490571
176947197996
177876422882
177824280111
177213072342
177082860735
176961786104
176964198467
177482081137
177350148722
176967339557
177258559817
177551292344
177172926499
177341282138
177045339754
176967288880
177476724072
177542377878
177003592461
177142555054
177352056720
176930680039
177082975293
177096428531
177551293970
176947150731
177096471485
177551291492
177026289187
177118521981
176961765975
176979268697
176973730101
177551295073
176967264403
176967303859
177096462187
177331063471
206193631203
206019982409
206193631246
206097105396
205755676760
206092908040
206265200932
206160868380
206193631158
206265200977
206265201094
206061679373
205755676826
206193631358
205755677637
206193631150
206193631182
206143602481
206143602423
205979465313
205979465448
205755676789
206251360468
206143602388
206160868329
206265200993
206143602440
206109930267
206059629863
205755676747
206265200909
206160868295
206019973471
206175888512
205749289642
206143602522
206092908072
205993660457
205755676758
206265200947
206265201033
206175888399
205751086952
206160868516
206182521919
206061679380
206193631199
206175888388
205753443489
205751086896
206265201041
206182522116
205841014210
206265201082
206193631306
206092908020
205755676696
206265200979
205755676790
206092907991
206143602419
206059629959
206160868490
205755677629
206109930345
205755676812
206041472075
206092908070
206193631186
206019982404
206265201093
206253481917
206097105375
205751086933
206059629919
206092907964
206160868401
205841014051
205755676738
206097105355
206019982271
205757007581
205753442595
206160868509
206193631340
205749289684
206097105466
206193631236
205841014142
205979465444
206265201066
205751087869
205753442571
205755677625
206019982507
206265200963
206022401467
206143602491
205755676699
206061679226
206041472073
206160868303
206265201100
206143602501
206019973480
206059629877
205753442640
206019973416
205751086958
206061679244
206097105483
205993660528
206182521908
206160868426
206267625777
205979465421
206160868496
205993660446
206061679419
206092908075
206193631144
206160868472
206160868457
206143602569
206143602312
205841014001
206104710962
206267625762
206265201037
206160868335
205841013939
205753442612
205753442604
205751086925
206104711115
206182521810
205841014072
206193631139
206092907931
205841013956
206092907957
205755676689
205753442607
205751087834
206143602471
205755676792
206061679409
206061685004
206182522090
206092908031
206104710917
206160868512
206059629804
205755677627
206019973302
206251360283
206092908057
206104710895
206253481934
205743298387
205757007554
206193631179
206061685099
206253482034
205755677654
206019973405
206061679415
205749289682
205788399195
206182522057
205841014038
206109930308
205979465479
205757007592
206061679354
205993660324
206059629837
206143602509
205979465338
205749289728
206143602475
205748902109
205755676840
206041472100
205993660455
206160868388
206092907875
205753443551
206027002577
205993660336
206061679219
205841013987
205788399273
206175888336
206061679306
205755676697
206193631268
206265201078
206175888318
206265201114
206097105384
206061685071
206193631173
206019973285
206104711051
206061679347
206143602544
206265201098
206193631322
205993660344
205788399369
205788399246
206193631178
205749289662
205757007531
205979465312
205751086966
206104710969
206182521788
206104711019
206265200906
206160868489
206109930378
206097105435
205993660523
206251360414
205788399198
205755676795
205841014132
206104710973
205755676711
206182522213
206061679222
205753442599
205755676728
205757007583
205979465463
205979465309
205841014249
205788399338
206019973349
206061684988
206059629895
206104711041
205753442618
205755676641
206265200904
206092908048
206019982410
206265200913
206175888337
206109930391
206061679406
205755676656
206022401540
205979465445
205755676804
206265201052
206265200976
205788399249
205993660311
206143602408
206061685037
205979465386
206019982521
205755676670
206097105364
206061679292
206175888445
206182521848
206061684957
205751086944
206265201107
206019982373
206160868382
205841014016
206182521779
206104710978
206104711030
205749290180
206143602658
206109930230
205751086962
205751087003
205841014253
206061679287
206175888357
206104710971
206061685075
206104710995
205979465299
206160868305
206061679214
205979465316
205757007549
206193631275
206019973385
205749289940
206097105583
206097105410
205751087799
206193631307
206160868533
205841014048
205751087850
206061679393
206104710938
206019973344
206160868325
206265200940
206061679234
206061679324
205788399324
206061684973
206193631206
206193631141
206022401500
206022401518
206019982551
206265201032
205753442580
206092907940
206097105535
205979465397
206022401514
205993660413
205749289643
206059629949
206109930261
206019982229
206265201097
206041472101
206143602618
206267625769
206265201002
206193631159
205751086938
206175888417
206251360391
205755676703
205788399410
206019982351
206019982437
206061685134
206061684987
205755677636
205755676843
206104710924
205751086985
206019982587
206061685062
206061679405
205979465357
206019973478
205755676842
205751086936
206061679312
205751086982
206193631210
206022401561
206104711011
205755676673
206061679303
206265201075
206019982238
205755676849
205979465459
206104711082
205749289641
205841014129
206175888374
206267625705
205788399274
206041471981
206175888314
206097105459
206092907905
205751087877
205753442614
206027002618
205788399328
206092907818
205755676817
206061685195
206193631313
206109930348
206104710958
206097105469
206027002706
206253481922
206059629945
205788399269
206019973419
206059629903
206061685135
206143602396
206109930227
205751087836
206061679304
205749289655
205749289659
205993660548
205755676854
205755677630
206092908022
206092907850
206061679230
206143602570
205788399193
206193631272
205753442559
206182522108
206175888435
206143602310
206041471978
206019982233
206265201089
205749289664
205841014218
206265201084
206061679385
205749290119
205755676671
206160868333
205755676672
205841014085
206193631148
206041471962
206265201021
206265201058
206019973409
205788399391
206175888450
205788399298
205751086946
206061679258
205788399353
206143602326
206160868304
206193631138
206160868348
205757007565
205841013965
206193631202
206019982529
206092908050
206175888443
206265200983
205751087897
206182522027
206182521862
205788399192
206193631291
205993660464
205993660430
206251360350
205993660327
205753443484
206022401460
205751087885
206265200905
205993660345
206092907909
206267625621
205751086923
206143602390
206160868444
205749289663
205979465415
206193631255
206041471910
206143602596
205753442634
206182522099
206019982362
206265201047
206019973275
205979465391
206251360223
205979465354
206027002635
206019973460
205979465365
206143602615
206104711086
206104710937
206097105569
206061679407
206092907853
206267625742
206041472004
206059629906
205751087811
206143602577
206160868519
206104711122
206143602595
206022401597
205993660380
205755676830
205979465460
205841014082
206092907812
205841013999
206019973450
206193631214
206059629874
206193631257
206265201055
206160868468
206061679328
206253481959
206160868430
205993660396
206175888534
205751086894
206109930255
206109930329
205841014068
205753443503
206143602441
206061679285
205788399265
206061685020
206253482084
206175888459
205753443490
206097105590
206193631187
205788399186
206143602514
206109930356
206061685055
205993660551
206143602359
206175888515
206267625660
206061679237
206019982394
206092908049
205841014025
205993660402
206265201072
206097105359
206265201019
206143602541
205757007564
206019973331
206265200974
206019982342
206193631156
205755676700
206092907884
205841014165
205749289957
206193631140
205747311353
206059629963
206104711096
206019973484
205979465345
206143602623
206041471944
205753443511
206097105453
206104711058
205993660313
205979465331
206092908088
206061679416
206059629824
206182521951
206251360342
206019973427
206251360439
206019982508
205755676797
206041472090
206019973477
206061679217
206104710980
205755676822
205749289633
206267625633
205979465456
205841014122
206104711084
206175888468
205993660449
206175888382
206097105518
206182521813
206182522098
206251360417
205753442555
205755676710
205979465274
205751087830
206175888422
205979465379
206097105411
205993660543
206104710948
206182521782
206160868344
206182521930
206109930285
206143602411
205979465318
205993660522
205993660547
206027002595
206109930298
206251360235
205788399406
205753442636
205979465346
206061679398
206265201069
206175888425
205753442587
205993660504
206022401645
206265200957
206143602457
206182522182
206251360238
206143602305
206097105472
206193631167
205753442541
205755676832
206175888499
206265200930
206061685014
206061684951
206143602409
205751087843
205841014169
205979465361
206019982231
206059629846
206022401479
205979465297
206193631312
206182522006
206059629902
205993660367
206019973446
205755676791
206193631171
206143602337
205979465394
206019982431
206143602619
206097105610
206265200996
206143602533
206265200988
205979465284
206143602584
206059629928
205753442632
205993660458
205841014017
206027002699
205788399182
206059629961
205749289716
205753443577
205751087809
206109930215
206027002700
205979465269
206175888372
205979465347
206059629986
206143602516
205749289671
206041471997
206265201056
206041471954
205751087820
206059629831
205751086914
206019973318
206109930373
205841014257
206104711050
206160868402
205755676771
206143602606
206061685057
206265200989
206109930397
205993660478
206059629973
206265200921
206267625617
206059629918
205788399360
206059629882
206143602334
206027002639
206061685194
206041471996
206251360474
206182521796
206041472013
206143602442
206104711003
206175888408
206193631253
206092907961
205757007553
206193631300
206061679382
206061679340
206193631170
206019982240
206092907985
206182521964
205755676811
206097105450
205979465478
206253482069
206092908004
205755676698
206251360445
206143602484
205993660383
206175888549
206160868517
206019982278
206019973305
206143602358
206027002714
205979465511
206160868360
206061685032
206109930334
206143602365
206160868425
206265201026
206160868363
205788399213
206182521993
206104710963
205841014267
206193631330
206041471905
205751087879
206160868317
205841014104
205751086945
205993660517
206059629982
205993660400
205751087894
206265201096
206193631337
205749289724
206193631324
206143602483
205979465488
205979465506
206061679232
206061684964
206059629978
206092908030
206059629887
206265200991
206109930354
206265200902
206193631274
205753443565
206104710998
206019973325
206019973473
205755676821
205993660425
206265200945
205979465438
206027002695
206104711092
205841014111
206092907881
206059629820
206092908055
205788399403
206022401470
206059629983
205993660414
205748902111
206109930374
206027002576
206253481948
206265201079
206193631335
206193631219
206104711065
206175888410
206193631235
206022401591
206193631250
206019982220
206061685074
206265201062
205993660474
205753443516
206265200943
206019973279
206019982501
206061684979
206092907988
206104711083
206175888525
205788399339
206160868497
205751086976
206022401525
206061679337
206061685025
206182521872
206092907948
206267625643
206160868323
205979465352
206097105516
205993660452
206265201015
205993660477
206104711052
206265201112
205993660491
206061679317
206143602432
205993660466
205755676644
205993660315
206109930364
206041472030
206041471953
206097105425
205755676723
206143602436
205979465431
205788399405
206104711025
205841014289
206175888344
205755676709
205979465423
206061685133
205841014088
205993660386
205755676775
206104710907
205749289784
206193631245
206061679335
206019973283
205757007569
205788399309
205755676777
206019982417
205979465453
206027002778
206265200965
206160868453
206061679249
206059629870
206253482014
206193631145
206175888332
206041471930
206182522164
206175888319
206160868373
206143602521
206175888491
206160868387
205751087816
205751086964
206019973351
206182522208
206104711094
206193631198
206265200984
206175888469
206019973311
206019973299
205979465503
205979465481
205841014140
205753443521
206019982384
206027002707
206109930405
205788399209
206267625679
205841014290
206265201013
206265200987
205979465446
205841014002
206193631228
206193631221
206267625664
206061685059
206265200925
206160868365
206143602435
205841013971
206265201044
206265201031
206092908043
206027002629
206061685110
205979465311
205749289922
205788399242
206182522113
205993660471
206022401471
206019982396
206265201030
206143602450
206265201043
206182521965
206019982492
206109930234
206097105378
205753443533
206097105581
206109930294
206193631185
206193631297
206265200968
206193631282
206143602455
206027002697
206175888412
206061679424
206265201117
206019973439
206182521998
206019973447
206092907847
206059629921
206097105601
206267625767
206160868525
206109930300
205751086898
205993660399
206092908056
205993660322
205755676847
205993660448
205749289953
206027002739
206175888322
206175888544
206143602342
205753443488
206265201050
205751086908
206061679345
206061685182
205757007504
206182522014
206160868397
205751087804
206019982442
206143602611
206097105527
206265200901
205841014110
206160868330
206019973481
206265201092
206027002693
206265200956
206019973472
206092907901
206097105478
206160868314
205979465320
206251360311
206175888383
206267625622
206265201009
206092907993
206143602368
206109930394
206160868375
205747311346
206267625645
205753442616
206061679427
206193631135
205753443504
206104711005
206092908024
205841014229
206104711020
206160868359
206175888524
206175888341
205757007538
205749289660
206019973393
206061679356
206022401542
205841014107
206097105473
205841014266
206041471989
205841014156
206022401563
206182521845
206160868342
205755676679
206265200920
206253482041
206143602429
206061685131
206019982389
205993660482
206265201040
205751086913
206251360354
206059629825
206253482057
206109930312
206027002801
206097105423
205751086935
206092908061
205757007546
205841013941
205993660467
205788399351
205788399241
206182522043
205788399390
206104710989
206175888384
205979465272
206061685039
205979465512
206019982407
206109930344
205788399288
206160868521
206061679291
205753443524
206182521775
206019973397
205751087856
206253482072
206059629876
205753442620
205755676685
206092907857
206019982337
206019982516
205747311347
206022401475
206265201081
205755676766
206092908060
206097105427
205757007584
206092907856
206097105446
206143602591
206061679397
205979465499
205788399187
206059629916
206061685105
205841014055
206265200960
205979465287
206097105379
206175888489
206061684990
206061685093
206175888473
206061685156
206092907854
206265201113
205993660405
206193631318
206027002667
206019973457
206041472076
205993660320
206061679426
206160868475
206061679228
206061685153
206097105494
206160868435
205841014226
206059629854
206143602531
206019973455
206143602451
206092907823
205993660356
206104711038
206265201010
206022401457
205749289743
206061685064
206104710976
206041471984
205979465398
206104711121
206019973278
206092908051
206265201077
206104710945
205841014060
206092907868
206265200999
205979465413
206182522210
206059629852
206022401560
205979465283
206019973382
206041472047
206175888359
206265201090
206253482105
205755676647
206027002703
206019973313
206265201011
206251360267
206265200950
206109930280
205979465466
205749290296
206027002614
206019973301
206109930229
206061679410
206160868459
206253482020
206027002615
206027002768
206267625661
205755677652
206193631325
206092908058
206160868398
205751087002
206104710941
206182522180
206175888531
206253482003
206267625652
206059629839
206109930315
206265201106
206143602343
205755676721
206267625675
206109930346
206104711077
206097105474
206097105447
206182522070
206092907894
206027002747
205757007537
205993660378
206109930304
206019982503
205751087896
205979465348
206182521808
206104710896
206019982292
206041471901
206265201035
206265201024
206265200954
206097105409
205751087839
206104710936
206175888532
205788399262
206160868503
205788399282
205841014176
206097105418
206019982473
206160868384
206267625663
206019973432
206175888505
206059629925
205748902121
206041472104
206027002578
205979465359
206019982561
206061685028
205979465417
206019973324
206160868322
206104711080
206041472044
206092908018
206182522225
206160868409
206041471894
206061685098
205751086977
206027002688
205788399291
206019973391
205755676825
206019982356
206267625634
206104711026
206265200903
205757007563
206193631317
206041471982
206061679413
206265201120
206104710985
206193631241
206267625597
205993660499
206061684976
206160868421
206027002729
206193631290
206175888504
206092908089
206041471979
206059629884
205749289723
206059629913
206193631223
206059629880
206019973486
205979465363
206109930228
206019973408
205751086940
205751087805
205755676668
205993660351
206143602392
206019982320
206265201000
205755677635
206182522146
206061679326
206061679367
205979465290
206265201045
205841013991
206160868448
206265201067
206175888545
206061684945
206193631160
206041472050
205788399307
206109930289
206160868343
205993660372
206109930395
206061679372
205751086932
205749289956
206265201014
206061679362
205841014144
206267625719
205788399207
206019982541
205993660393
206019973322
206160868294
205755677644
205757007506
206265201116
206160868393
206193631320
206193631205
206182522120
206143602571
206265200941
206143602447
206041471922
206265200995
206265200952
206022401533
206061679274
206267625747
205841014284
206097105414
206061679261
206104711103
205753442605
205753443573
206143602496
206097105550
206061685005
206092907895
206143602572
205841014077
206251360387
205841014202
206022401461
205993660362
206193631258
206092908039
206097105529
206143602391
206265200975
206160868433
206160868297
206061679414
206265201068
205979465317
205749289635
206160868423
206059629933
206253481976
206265201085
205979465279
205979465403
206265201060
206061685122
206160868514
206022401545
206061679218
206061685044
206104710919
206027002701
206160868417
206143602632
206092907872
206175888349
206061679381
205841014308
206061679384
205979465292
206193631327
206182521982
206143602372
206265200919
206160868407
205979465425
206253482086
206193631346
205755676740
205979465474
206265201110
206143602490
206097105607
205841014056
206104710912
205993660437
206267625596
206027002610
206059629940
206160868338
205753442570
205841013945
206019982547
206175888363
206061679229
205993660454
206267625744
205751086974
205993660391
206104710960
205755676785
205788399312
206265201099
206092907949
205755676793
205788399228
206019973437
206267625737
205993660312
205979465307
206265201076
206193631220
205993660508
206251360345
206182522009
206092908026
206143602354
205993660530
206097105392
206253482096
205993660485
206022401450
206182521903
206019982308
205993660500
206027002620
206265200970
206265201064
206175888347
206253481919
206265201008
206182521859
206175888404
206175888418
205841014045
206265200915
206019973468
206251360331
205751086899
206193631164
205841014092
206265201065
205979465288
206019973424
205788399245
206092907808
206092907861
206097105477
206061679411
206265200997
206265201048
206175888367
206265201007
206022401456
206022401478
205993660453
205751086934
205753443559
206193631310
205841014208
206104711054
205841014003
206175888421
206059629842
206027002660
206061679213
206109930279
206061679216
205755676725
206061685187
206265200929
206097105572
205753443560
206061679333
206267625748
205841013954
206041471961
206097105568
205841013997
206104710949
206041471976
206265200922
205755677642
205755676701
206251360318
206267625613
205753442635
205979465443
206265200992
205788399311
205757007590
206193631314
205757007559
205755677645
206265201108
205755676755
206267625768
206175888373
206253482019
206061685127
205751087848
206193631172
206265201073
206027002740
206182521999
206027002596
206175888424
206160868309
206097105457
206143602448
206182522077
206092908078
206027002792
206175888348
206265201020
205979465375
206160868440
206265200934
205753443570
117005668817
117191071832
116990392268
116990406116
117218095188
117005669117
117005668795
116984505287
116984505381
117196379704
116984505487
117206998687
116984505345
116990392259
117164454171
117206998595
117206998656
116984505504
117196379703
116990406106
116984499662
116984505591
117164370689
116984505623
116984505370
116984505456
116989985348
116986233325
117218095229
116984505661
117164453704
116984505603
117220913805
116454944340
117206998688
117164370658
116984505462
117196379879
117196380677
116984505639
116984499660
117220913825
117164454204
117196379708
117005668772
117164487769
116990406174
117196379835
117218095339
117218095098
117206995229
116984505519
117220913802
117230077694
117226013479
117191071843
117164454200
117196379750
117164453709
117226013463
117220913841
117230077652
117164370406
116984505532
117223218834
117196566820
117164454170
117223218877
117164454181
117230077650
117231734072
117220913854
117223225162
117196379822
117226013497
117220913803
117206998683
117226013486
117226013516
117230077687
117226013472
117226013521
117226013485
117196379781
117226013462
117226013514
117223218815
117005669090
116984505354
117223218839
116984505514
117005668851
117164493443
117231734078
117005668912
117223198997
117231734075
117226013488
117220904100
117196380678
116984505500
117226023498
117005669189
117223225164
117218095107
117220913811
117226013457
117005668819
116984505309
117231734077
117218095179
117206998669
117223225172
117220904099
117220904096
117005668839
117220913855
117230077767
117223218820
116990406220
117196566729
117230077640
117220913818
116984499554
117218095101
117226013452
117005669167
117206998670
117220904083
117223225176
117230077697
117164454188
117164487779
116984505644
117220913814
117218095124
117218095266
117226013454
116984505624
117218095127
117196379705
117196379767
116984505602
117230077660
117005669076
117231734105
117230077653
116990406247
117218095169
117206995186
117230077647
117226023503
117005669059
117005669054
117218095270
117191073301
117005669310
117218095260
117196379717
117220913824
117223225187
117005669241
116984505393
117226013489
117196379856
117220904136
117230077658
117005669136
116990406267
117223225184
117005669264
116984505337
117223225166
117220913827
117223225160
117230077823
117220913847
117231734090
116986233403
117005668857
117218095088
117220913807
117223218874
117230077708
117218095131
117164493416
117223218857
117191073320
117220913804
117218095126
116990392206
117005669238
116990392160
116984505615
117223198984
117005668905
117230077641
117226023478
117196566811
117220904142
116984505607
117220904094
117220913874
117220913850
117005668751
116986233320
116986233470
116984505636
117226013473
117164454186
117196566821
117223225161
117196566589
117226013499
116984505401
117196566614
117005668761
117220913808
117223225173
117226013506
117220913830
116984505364
117223218843
117196566804
117223225167
116984505524
117220904124
117220913866
117223218817
117230077688
117196566807
117206995236
117220904088
117231734088
117230077837
117230077771
116984505448
117230077654
117218095182
117164454194
117005669064
117218095301
117223218862
117230077690
117230077693
117220913817
117231734095
117196379740
117196566809
117005668873
117206998594
117223218816
117220904109
117223218821
117230077679
116984499518
117164454189
117226013453
117005669256
117005668808
117005668906
117196379712
116984505343
117164454180
117220913863
117196558090
116984505395
117220904097
117164454191
117206998613
117164454169
117230077818
117223218827
117223218825
117223218823
117223218818
117223218826
117223218832
117223218842
117226013515
117164454183
117196566877
117230077681
116984505563
117196379855
117230077695
117223218828
117220913872
117226023475
116986233345
117196566891
117230077689
117230077696
117196566858
117164454173
117218095166
117223218856
117223218867
117223218829
116986233328
117230077712
116990406206
117231734084
116986233473
116984505630
117230077686
117226013501
117230077811
116990406293
117230077698
116986233313
116454903224
117005668793
117164454203
117164454195
117230077858
117164453715
117218095090
117230077754
117164454193
117226013517
117164454184
117164454206
117164454208
117164454174
117164454198
116990406189
117223218875
117218095157
117226013487
117164454205
117223198990
117164453702
117226013477
117226013511
117226013494
117226013500
117226013522
117226013503
117226013471
117226013469
117230077706
116990406168
117191073297
117220913835
117230077843
117220913831
117230077768
116984505526
117005668837
117226023474
117226013460
117226013519
117226013467
117226013524
117196566782
117230077833
117196379848
117223225180
117230077661
117164454187
117226013520
117226013518
117226013480
117226013476
117226013502
117226013496
117226013525
117226013484
117226013495
117196566872
117196558192
117191073313
117226013455
116986233392
117196558183
117196566732
117196379719
117230077657
117230077662
116984505363
117220904145
117220913833
117226013510
117223199015
117226023511
117196558178
117223218848
117164454201
117226013509
117226013523
117226013465
117191073312
117164454202
117230077666
117196566794
117196566832
116984505255
117231734076
117164487761
117230077834
117005668774
117223218840
117230077838
117196566907
117223218833
117206998604
117226013470
117206998668
117196379876
117191071835
117230077731
117230077744
117220913812
116984499527
117196566815
117196558189
116990406183
117196558079
117196566927
117196566926
116984505436
116986233394
117230077664
117230077655
117230077691
116990392288
117206998589
116984505306
117196566812
117005669080
117196566836
116990392215
117230077717
117230077822
117230077855
117196558095
117196558184
117191071833
117196558185
117196558179
117220904122
117220913860
117206998654
117230077682
117220913826
117231734083
116990392118
117196566851
117196566829
117196566918
117230077639
117196558187
117223199020
117196566905
117164370651
117223198992
117005669033
117196566908
117226013483
117196566818
116986233391
117196566793
117220913822
117164454178
116990392177
117223225183
117223225175
117226013491
117164454172
117196379886
117218095144
117226023504
117226023476
117220913819
117223225177
117005668876
116984505303
117196379689
117164370680
117206998655
117196566789
117220904117
117231734108
116984499557
117223198986
117218095208
117196379782
117220913839
116990406224
116984505404
117196566881
116986233411
117218095288
117220904095
117218095129
117218095224
117164454190
117005669104
117005669335
117196566903
117196566914
117196566917
117196558193
117164493441
117218095175
117164454210
117164454182
117164454168
117164454177
117164454197
117164454176
117164454175
117164454179
117164454199
117164454185
117164454192
116984505658
117196558134
117220913840
117220913801
117220913810
117164453706
117164453701
116984499589
116984505640
117231734101
117231734102
117005668896
117220904147
117230077781
117196566577
117164454209
117164493385
117220913865
117164454207
117218095172
117164493426
117230077743
117005668920
116990392252
117230077759
116990392244
117196566919
117223199013
117164493437
117164493411
117164493407
116986233419
117196566930
117164487762
116984499560
117220904105
117220904127
117005669049
117005669075
117230077852
117164453716
116989985144
116984505511
117164487763
117218095143
117196558138
117196379865
117164493380
117220904123
117005668928
117226023497
117196566622
117164453712
117164493427
117164453711
117196558131
116990406132
117196566823
117196566893
116986233416
117196566892
117220913845
117230077757
117230077780
117226013461
117196558173
117196558135
117196558087
117231734079
117230077770
117230077726
117230077782
117230077732
117218095181
117164487768
117005668858
117196566909
117196566911
117164453700
117164453708
117196566871
117196566878
117196566867
116984505406
117220904133
117196558139
117230077745
117196558149
117230077700
117230077704
117230077713
117191073292
117196566883
116986233318
117223199023
117223199011
117223199018
117231734110
117231734106
116984505324
117196566853
117196566884
116984505645
117191071838
117231734073
117231734071
117196558195
117164487776
117005668762
117164453714
117191073325
117231734100
116986233389
117196379760
117218095132
117196566822
117196566796
117196566814
117196566802
117196566816
117196566805
117196566791
117196566810
117196566803
117196566830
117196566806
117196566824
117196558081
117231734103
117223198998
117223198994
117223198993
117223198995
117223198991
117220904087
117218095149
117220913806
117206995245
117226013498
117231734094
117196379711
117196566854
117230077684
117223218835
117223218847
117223218841
117223218849
117196379821
117231734082
116986233315
117005668915
117164370667
117230077643
117206995171
117218095100
117226013512
117196566837
117164370396
117196558182
117223218851
117223218845
117223218859
117220913809
117191073319
117220904138
117223198985
117220904129
117196566913
116984505262
117196558080
117196566799
117196566835
117231734080
117196566576
117220904140
116986233367
117164487770
117223225188
117206998657
117218095240
117005669177
117005669172
117223225186
117223225163
117220904130
117220904156
117230077735
117196558194
117226013464
117196558136
117226013456
117230077825
117231734086
117231734081
117191073331
117196566906
116984505634
117191071846
117218095081
117220913829
117220913816
117223225170
117196566819
117196558171
117223225193
117223198981
117223225189
116984505451
117206995108
117231734093
117206998690
117230077808
117196558140
117218095097
117196379745
117220913821
116990392279
117220913870
117226023477
117164487765
117005668742
116986233486
117231734097
117164370673
117164370661
117220904131
117231734104
117231734096
117230077740
117230077734
117230077753
117196558083
117191073300
117223218854
116984505646
117005668812
117196558133
117196558145
117191073287
117196566885
117223218855
116986233343
117196566882
117164453707
117226013526
117005669085
117196566931
117220904118
117223225168
117196566776
117226013474
117230077779
117164493429
116984505331
116984505490
117005668927
117230077651
117230077665
117230077637
117230077675
117196566750
117196379756
117226013505
117231734074
117191073290
117005668770
117230077749
117196566834
117230077827
117230077812
117230077832
117230077821
117230077839
117218095163
117196566650
117196566801
117196566825
117196566813
117196566826
117196566833
117196566817
117196566808
117196566798
117196566795
117230077794
117231734099
117206998609
117196566941
117005668948
117226013527
116984505296
117005668838
117005668942
117230077714
117230077699
117230077715
117218095118
116986233354
117230077817
117230077791
117230077769
117230077800
117230077750
117230077790
117230077772
117230077777
117230077786
117230077775
117230077751
117230077807
117005668844
117206995143
117164370659
117196558156
117196566897
117206995249
117164370388
117196566669
117196566626
117230077677
117005668934
117230077765
117164493450
117164493449
117164493410
117220913834
117230077676
117230077638
117230077667
117230077645
117230077659
117230077668
117230077644
117230077663
117230077672
117230077646
117230077669
117230077674
117005669138
117230077844
117230077724
117230077747
117230077728
117230077738
117230077755
117230077727
117230077773
117230077761
117230077774
117230077733
117230077752
117230077746
117230077729
117230077760
117230077787
117230077783
117230077730
117230077737
117164370657
117220904146
117230077859
117220913842
117220913848
117220913836
117220913851
117206998619
117230077723
117231734089
117206995220
117223199024
117164370395
117230077656
117230077642
117164487773
116990406180
117218095136
117230077709
117230077719
117230077710
117230077702
117230077721
117230077720
117230077711
117230077707
117230077718
117230077703
117230077725
117230077722
117230077701
116984499714
117226023508
116986233386
117005669323
117005668845
117218095321
117005668925
116984505383
116984505453
116984505479
116984505516
116984505555
117005668917
117164370399
117230077801
117220904113
117220913849
117220904143
117220913844
117220913846
116986233327
117196558157
117230077741
117230077673
116986233330
116986233334
117230077819
117230077820
117226013508
116986233339
117230077828
117230077831
117206995150
116986233347
117206995168
117005668940
117230077826
117231734091
117005669061
117005669071
117196566688
116990406226
117206995100
117206998675
117230077648
117230077671
117230077649
116986233364
117218095198
117218095249
117226023488
117226023506
117230077857
117206995253
116984505310
117005669237
117231734085
117196379795
117220913856
117005668749
117231734107
117196566663
117005668913
117220904108
116986233388
116990406164
117230077789
117196566900
117196566887
117196566901
117196566894
117196566902
117196566880
117196566899
117196566886
117196566895
117196566925
117196566920
117196566912
117196566889
117196566910
117196566898
117196566904
117196558084
117226023507
117164453703
117164453699
117164453705
116986233384
117196566701
117220913869
117220913862
117220913864
117206995224
117005669161
117230077736
117230077678
117230077670
117230077742
117230077762
117196566896
117196566890
117196566873
117196566888
117220904151
117220904155
117220913875
117220904132
117220904144
117231734087
117230077809
117005669240
116984505480
117005668955
117005668956
117005668959
117230077776
117230077788
117230077766
117218095239
117196379819
117206998624
117206995106
117005669045
117005669072
117005669087
117005669107
116986233390
117196566982
116986233409
117226023486
117164493403
116986233454
116984505643
117226023481
117226023485
117226023487
117226023490
117226023479
117226023491
117005669094
117005669096
117005669106
117005669214
117218095234
117230077778
117230077764
117196379765
117206995265
117191073315
117191073294
116986233359
116986233381
116986233379
116986233375
117164453713
117230077847
117196379871
117218095114
117218095197
117196558143
117191073303
117226013482
117005668982
116990406185
116986233357
117206998648
117206998660
117206998661
117230077840
117226023493
117226023484
117220913873
116989985097
116984499549
117218095174
116984505596
117005668788
117005668866
117005668901
117005668907
117005668947
117005669210
117196558151
117005668924
116984505407
116984505411
116984505463
116984505491
117005668787
117005668835
117005668842
117005668868
117005668874
117005668898
117005668943
117005668949
117206998682
117206998673
117230077842
117230077835
117230077848
117005668918
117005668939
117206995097
117226023505
117226023480
117226023482
117164493433
117164493420
117223218858
116984505350
116984505396
116984505527
117226023500
117226023501
117164493389
117164493382
117005668908
117218095159
116984505263
116984505265
116984505273
116984505275
116984505279
116984505285
116984505294
116984505307
116984505321
116984505330
116984505338
116984505353
116984505373
116984505376
116984505391
116984505392
116984505397
116984505415
116984505422
116984505496
116984505520
116984505521
116984505522
116984505552
117005668801
117005668810
117005668850
117005668852
117005669285
117005669060
117206998677
117220913837
117196558172
117196558177
117196558186
117005669063
117218095111
117230077796
117220904126
117230077680
116990406210
117196566876
117196566868
117196566875
116986233376
116990406141
117218095112
117218095206
117218095092
117218095238
117218095139
117218095152
116990392184
117005668926
117206998611
117005668996
117164493442
117206998653
117005668911
117005669095
117191071840
117218095319
117218095171
117218095219
117218095154
117220913815
117220913813
117191073318
116986233349
117196566681
117218095164
117226013492
117005668916
116986233380
117226013478
117226013466
117196566975
117220904119
117220904085
117220904101
117220904152
117220904153
117196379715
117196379764
117206995170
117206995159
117206995098
117206995243
117206995111
117206995177
117206995164
117206998691
117005669092
117220904082
116986233378
117196566870
116990406147
117191071829
117191071836
117218095123
117218095137
117218095158
117218095145
117218095189
117218095109
117218095155
117218095160
117218095192
117218095168
117220904084
117230077824
117005668921
117005668961
117005669155
116990406133
116986233352
117206995115
117206998649
117206998634
117196566699
117226013459
117223198989
116986233356
117223199026
117196566625
117196566666
117196566639
117220904139
117226013451
116990406148
116990406165
116990406177
117164493375
116990406157
117230077763
117230077758
117226013504
116984505260
117196558086
117196558107
117196558082
117226023489
117226023494
117218095084
117191071841
117220904093
117220904125
117220904111
117196566850
117005668767
116984505683
116984505293
117220904106
117220904141
117206995103
117191073302
117218095135
117164493390
117196558137
117218095244
117218095258
117220904107
116990392186
117164493421
117226013475
117191073293
117191073317
117226013493
117226013490
117005668863
117220904104
117220904120
117220904098
117164493448
116990406198
116990406169
117164493432
117220904148
116984499594
117218095237
117218095221
117218095220
117218095156
117218095180
117218095151
117220904154
116986233363
117005669055
117005669073
117005669088
117005669101
116984505298
116984505355
116984505358
117220913876
116990406175
117230077756
116984505540
117005669077
117196558181
116990406153
117220904114
117220904134
117220904150
117196566827
117005668752
117005668862
117005668932
117005668944
117005668962
117230077849
117220913852
117220913828
117220904121
117226013458
117226013468
117226013507
117206995145
117196558093
117196566691
116990406167
116990406112
116990406146
116990406107
117196558103
116986233337
116986233319
116986233370
116986233385
116986233387
116986233351
116986233414
116986233382
116986233368
117230077685
116986233316
117220904112
117220904137
117220904110
117220913858
117220913861
116990406298
116989985138
116986233333
117206998618
117230077815
117230077829
117230077841
117230077854
117230077816
117191071844
117223199007
117005668740
117191073309
117191073291
117191073306
117196379793
117206998632
117206998627
117206998684
117206998636
117164370682
117164370656
117206998628
117196558098
116984505545
117230077803
117218095108
116984505268
116984505270
116984505344
116984505368
116984505425
116984505440
116984505468
116984505469
116984505503
116984505530
116984505543
117005668885
117005668910
117005668930
117005668938
117005668952
117005669235
117164493417
117005669066
117220904090
116990406166
116986233342
117005668859
116986233355
117005669041
117196558164
117005669112
116984505562
117005668893
117005669012
117196566777
117230077785
117196558091
116984499649
117005669243
117196558100
116986233358
117196558188
117164370693
116986233461
117196379837
117230077850
116984505690
117005668902
116986233322
116986233383
116986233344
116986233420
116986233324
116986233393
116986233336
116986233407
117164370409
117220904102
117220913800
117005669089
117005669108
117005669111
117005669115
117223225181
116986233326
117005669168
117230077795
117230077802
117230077739
116986233312
117196379796
117196379811
117196379744
117196379864
117196379739
117206995095
117206995209
117206998608
117206995251
117206998645
117206995210
117206995174
117206998680
117206995109
116984505613
117230077813
116984505334
116984505421
116984505423
117230077845
117230077846
116990406254
116990406159
116986233346
116986233340
116986233317
116986233398
117005668937
117206998633
117206998666
117206998692
117206995101
116984505356
116984505431
117206998631
117196558114
116990392289
116984505653
117005668828
116986233361
116984505660
116984505418
116984505565
117005668966
117164370391
117164370389
117164370398
117196566646
117196558180
116984505610
116984505696
117005669114
117206998644
117206995180
116986233338
116986233323
117218095259
117196558170
117230077797
117230077806
117230077805
117230077792
117230077814
117230077798
116984505312
116984505460
116984505481
116984505531
117005668894
117230077836
117230077856
117164370684
117206998596
116986233401
116986233399
116984505673
117005668941
117196379786
116986233360
117223199019
117206995216
117196379797
116986233372
116986233418
116986233362
116986233365
116986233331
117005668946
116990406170
116990406142
116984505430
117164487771
116984499637
117196566845
116986233413
116986233329
117164370653
117164370672
117164370688
117164370668
116990406173
117005668836
117005668877
117223199017
117223199016
116990406158
116990392195
117196566764
117206995207
117206995238
117206995165
117206995085
116990406187
116990392208
117206998674
117005669252
116984505649
117206998646
117223199009
117223225192
116990406304
117218095173
117218095218
117218095199
117164370687
117164370664
117164370648
116986233321
116990392167
117196558176
116990406109
117223225169
116990392246
117223225179
116984499597
116984505656
117223225159
116990406288
117223225171
117223225191
117196379888
117196379758
117164493381
117164493453
117206995142
117005668875
117226023483
116990406171
116990406143
117196566980
117164370677
117196566725
117220913820
117218095190
116990392189
117196558168
117196566956
117223225185
117223225157
117223225165
117223225158
117223225190
116986233314
117218095176
116990392152
117005668900
116984505488
117005668803
117223198983
117196566647
117196558150
116984505477
117196566939
116986233377
117164487777
117164487772
117196379723
117196379695
117196379872
117164493401
117164493434
117164493444
117164493386
117164493445
117191071845
117196558161
117196566785
117223199028
116984505264
116984505359
116984505387
116984505399
116984505438
116984505446
116984505537
116984505559
116986233341
117196379798
116990406161
116990406101
117218095317
117226023502
116990392285
116990392179
117206998614
116984505672
117196379828
116984505444
117196566679
117218095128
117196566661
117191071847
117196558160
117226023499
117226023492
116990392173
117196379878
117196379732
117218095117
117191073296
117191073310
117191073321
117191073324
117191073298
116984499558
116990392290
117196566935
117005669216
117164487766
117196558154
117206998659
116403339307
117164370393
116990392213
116990392141
117005668977
117196566723
117196379720
117196558175
117164370394
117196566667
117196566680
116990392190
117223225182
117196558124
117005668741
117196566869
117226023473
117164493424
117164493405
117206998602
116990392239
117206995173
117196379725
116984505512
117196566611
116990392221
117164370407
117196566724
117196566677
117196566588
117196558165
117164370662
116990392187
117196566855
117196566861
117196566860
117196566864
117196566642
117196566698
117196566635
117005669065
117196379774
117191071831
116984505441
117196379728
117196379813
117005669067
117005669079
117005669097
117005669099
117005669103
117196566953
117164453710
117005668953
117206995225
117005669126
117164487764
117164487774
116990392280
117218095281
117218095205
116986233492
117005668746
117005668919
117196566705
117196566659
117196566620
117196566687
117196566636
117196566683
117196566682
117196566697
117196566640
117196566671
117196566662
117196566631
117196566706
117196566702
117196566693
117196566684
117206998686
117196566828
117191071834
117191071837
116990392207
116990392131
116990392249
117196566591
117196566843
117196566847
117196566831
117196566862
117196566848
117196566839
117196566844
117196566840
117196566874
117223198978
116990406256
117191073305
117191073314
117191073327
117191073328
117191073307
117191073326
117191073304
117191073289
117191073299
117191073286
117191073295
117196558127
117196566841
116990392135
117196558128
117196566998
116990392220
116984505267
116984505301
116984505335
116984505351
116984505450
116984505539
117005668878
117196558105
117223199002
116984505557
116984505362
116984505389
116984505394
116984505484
116984505494
116984505538
116984505669
117005668843
117005668853
117005668861
117005668884
117005668887
117005668929
117220904091
117005669047
117196566856
117196566842
117196566857
117196566865
117196566859
117196566838
117196566849
117196566866
117005669050
117005669068
117005669082
117005669086
117005669093
117005669105
117005669109
117005669110
117005669116
116984505405
117191071839
116986233468
116989985299
116990406221
116990392282
116990392193
116990392281
117005669307
116990406176
116990406192
117005669053
117196558129
116403339303
117196566573
117164493384
117164493391
117164493452
117164493413
116984505277
116990392272
116990392136
116990392216
116990392159
117005669163
116984505437
116984505501
116984505333
116984505551
117005669056
117005669069
117005669113
117005669121
116984505589
117005668747
117005668789
117005668800
117005668847
117005668855
117005668864
117005668865
117005668871
117005668879
117005668886
117005668890
117005668897
117005668931
117005669009
117005669032
117005669242
117005669270
116986233369
117164493454
117005669249
117005669260
116984505681
117196566678
117196566703
117005668935
117196566617
116990406193
116990406253
117196379710
117196379788
116990392116
116990392287
117196379854
116990392238
117005668783
117196379850
116990392237
116990392258
116990406114
117223199006
117196558094
117196558120
117005669251
116986233371
117196566594
117196566586
117196566623
117196566600
117191071842
117005668933
116986233373
116984499530
116984505314
116984505648
117005668763
117005668769
117005668771
117005668791
117005668799
117005668806
117005668813
117005668825
117005668830
117005668840
117005668846
117005668848
117005668854
117005668867
117005668869
117005668891
117005668895
117005668950
117005669010
117005669062
117196379814
117005669247
117164370674
117164370671
117196567016
117196566596
116990392166
117164370686
116990406139
117218095269
117164370681
116986233332
117005669338
116990406178
116990406120
116990406160
117196379780
116990406191
116990392266
117164487778
117005669184
116990406207
116990406108
117164370663
117164370652
117164370654
117196566632
117005668798
117005668882
117005669232
117005669148
117196566755
116990392134
117226023496
117196379841
117196566983
117005669217
117005669070
117005669098
116984505642
117005668768
117005668777
117005668811
117218095283
117218095276
117218095287
117218095273
116990392140
116984505592
117196379727
117005668922
117206998615
117196567010
117005668802
117220913843
117005669265
117164370670
117196566972
117218095278
117218095140
117218095314
116990406284
117220904092
116990406117
117196558119
117196566758
117196566779
117196566737
117196566771
117196566786
116984505518
116984505534
117196379802
116990392284
117196379784
117196379834
117005668880
116990406196
117223225178
117005669022
117218095165
117218095245
117218095183
117218095227
117218095217
117218095148
117218095141
116984499600
117005669169
117196379846
116984505439
116986233335
116986233348
117164370676
116986233366
117196566738
116989985337
117005668827
117196566775
117196566773
117196566763
117196566772
117196566759
117220904086
117196566598
117005668979
117223225174
117005669048
117005669118
117005668796
117005668807
117005668809
117005668951
117005668967
117218095178
117218095247
116990406129
117005668995
117005669229
117206995172
117005668826
117218095213
117218095233
117218095167
117218095162
117218095228
117223198999
117223199010
117223199029
117223199014
117005669081
117196379844
117196379817
117164493393
117196566686
117196566986
117164370402
117164453717
117196566970
117196566720
117196566694
117196558126
116989985185
117206995161
117005669179
117196379866
117164370403
117164370392
117164370669
117196566670
117196566656
117196566638
117196566616
117196566654
117005669102
117196566731
117218095225
117218095191
117218095110
117218095204
117218095223
117218095077
117218095194
117218095236
117218095215
117196566612
117196566754
117196558153
117196566704
116990392255
117218095207
117005669052
117218095282
117218095103
117218095138
117218095235
117218095185
116986233466
117218095161
117196379747
116984499587
116984499634
117218095120
117218095094
117218095080
117218095079
117218095096
117218095122
117218095133
117218095078
117218095121
117218095083
117218095106
117196566660
117196566959
117196566641
117196566780
117196566668
117196566585
117196566653
117196558141
117196558146
116990406144
117196566722
117196566696
117196566734
117196566733
117005669035
117005669245
117196379688
117005668738
117005668744
117005668745
117005668778
117005668786
117005668823
117005668824
117005668829
117005668914
117218095264
117218095261
117218095216
117218095267
117218095291
117005669074
117005669083
117220913857
117220904135
117218095184
117196379836
116990406162
117218095214
117218095195
117218095142
117218095170
117218095232
117218095196
117218095212
117218095280
117218095201
116984505594
116984505614
116984505620
116984505666
116984505679
116984505684
117005668754
117005668784
117005668814
117005668834
117005668976
117196566601
116986233353
116986233350
116984505629
117218095254
116984505674
116984505676
116984505686
117196566630
117005669170
117196558152
117196558155
117196558174
117218095147
117218095116
117218095290
117218095209
117218095255
117218095272
117218095332
117218095271
117218095115
117218095252
117218095089
117218095257
117218095274
117218095095
117005669100
117206995141
117206998681
117196558113
117005669016
116984505689
117005668815
117005669141
117218095146
117005669311
116986233444
117005668753
117196566657
117191073330
117191073288
116990406184
116990406202
116990406135
116990406197
116990406104
116990406195
116990406115
116990406138
116990406140
117196379706
117164370649
117191071830
117218095130
117005669152
117196558147
117196566597
116984505618
117196558116
116984505566
116984505570
116984505575
116984505588
116984505664
116984505700
117005668750
117005668756
117005668757
117005668785
117005668794
117005668818
117005668821
117005668822
117005668831
117005668833
117005668841
117005668883
117005668889
117005668892
117164370405
116984505581
116984505652
117005668764
116984499578
117206995221
117005668773
116986233448
117005669014
117005669023
117005669024
116990406213
117196379789
117005669166
117005669175
116990392248
116984505326
116984505548
116984505561
117005668899
117005669008
117005669057
117005668991
116986233451
117005668775
117223199012
117223199001
116990406110
116990406211
116990406128
116990392240
116990392261
117005669046
116984505699
117005668805
117005668870
117005669263
116986233438
116990406156
116990406136
116990406130
116990406154
117196379892
117005669211
116986233397
117196566618
117196566658
117196566695
117196566674
117196566689
117196566664
117196566672
116990406214
116990406118
116990406103
116990406200
117196566716
116990406150
117196379724
117196379851
117196379820
117196379716
116984505586
117206998601
116984499599
116984499606
116984499623
116984499636
116984499647
116984499648
116984499650
116984499677
117005669312
117005669333
117005669342
116984505573
116984505587
116984505604
116984505631
116984505691
116990406105
116984499602
117005669145
117206995231
117196379691
116984505567
116984505608
117005669248
116990406155
117206995146
117206998629
117206995208
116990392144
117005669091
117196379714
117196379881
117196379755
117196379731
117218095091
116990406219
116989985199
116990406190
117196566735
117196566879
117206995163
116984505569
116984505698
117005668820
117196566613
116990392270
117005669225
117005669276
117196566673
116990406151
117005669200
116986233431
117196379742
117005668903
117005669227
117196379870
116990406240
116984499663
117005669233
117206995182
116984499642
117005669159
117005669181
117005669287
116990406182
117005668766
116984499614
117196566728
117196379812
117196379873
116990392139
116990392236
117005669147
117005669162
117005669196
117005668765
117005668776
117005668849
117005668860
117005668888
117005668904
117005668945
117206995206
116990406134
116990392121
116986233475
117196379829
116989985251
117005668816
116990392185
116990392122
116990392222
116984499526
116990392232
117196379766
116990406127
117196567012
117005668759
117005668780
117005668782
117005668760
117196379807
116986233426
117196379805
117196379853
117196566997
117005668872
117196558190
116989985336
117206998678
116990406236
117196379702
117196379721
117206995169
116990392278
116984499577
116984499691
117196379752
117196567002
116990392209
117196566615
117196379804
117206995088
117226023495
117164493461
117218095125
117005668984
117206998603
116990392201
116990392125
116990392286
116990392123
116990406137
117206998630
116990392260
116990392243
117196379713
117196567015
117196567001
117196567008
117196567007
117196567003
117196567014
117005668797
117005668856
117206998679
116984499575
116990392269
117005668737
117005668792
117164370646
117164370647
117196566713
116990392169
116986233446
116990392155
116990392133
116990392264
117196558101
116986233404
117196558132
116986233425
116990392196
117196566999
117196379733
117206998622
117005669183
116986233490
117196379867
116984499547
117164370683
117196379783
116990392127
117164370675
117164370678
117164370665
117164370679
117164370660
117196566655
116984499584
117005669207
117005669258
117206998663
117206995227
117005668743
116990392157
117196566651
116990392250
117005669078
116990392224
117196566712
116984499616
117196379777
117196379884
117005669158
116989985237
116990392274
117196567013
117196558102
117218095086
116990392271
116990392223
116990392175
116990392174
116990392230
117005669315
117005669334
116990392194
117196558110
117218095248
117196379827
117196566770
117196566792
117196566767
117196566746
117196566745
116989985228
116989985249
116990406124
117196566634
117196566797
117196566769
117196566749
117196566781
117005668748
117206995232
117206995184
117005669192
117005669191
117005669254
116989985255
116989985243
116989985268
116990392241
116989985177
116989985330
117196566753
117196566766
117196566762
117196566760
117196566743
117196566768
117196566744
117196566774
117196566783
117196566784
117196566756
117196566788
117196566765
117196566778
117196566748
117196379847
117196379862
116990392137
117218095251
117196566948
117196566606
117196566610
117196566645
117196566609
117196566637
117196566575
117196566583
117196566727
117005669319
117005669326
117196379734
117196379859
117196379698
117196379869
117196379736
117196379809
117196379772
117196379730
116990392162
117005669306
117005669322
117196566967
117196566937
117196558148
117196566954
117196566934
117196566962
117196566933
117196566942
117196566924
117196566973
117196566957
117196566936
117196566940
117196558144
117196558130
117196566938
117196566928
117218095250
117196566581
117196566572
117164370666
117191073329
117196566633
117196566643
117196566608
117196566590
117196566619
117196566965
116984499545
117196379845
116990392217
116454903153
117196379838
116986233482
117005668739
116989985345
117206998599
117206995217
117206998605
117005668994
116989985171
116986233500
116984505582
116984505621
117005668755
117005668781
117005668832
117005668983
117005669018
117005669039
117005669040
117005669137
117005669239
117005669267
117196566995
116989985233
117164370397
117196566961
117196566943
117196566944
117196566945
117196566921
117196566648
117196566960
117196566628
117196566966
117196566922
117196566916
117196566950
117196566958
117196566604
117196566649
117196566595
117196566751
117196566969
117196566629
117196566675
117196566923
117196379816
117196380714
117196380769
117206995242
117218095202
117196566971
117218095093
116990392192
117196566580
117164370390
117196566621
116989985175
116989985087
117196558162
117196379737
117196379839
116990406111
117196379751
116984499517
116984499519
116984499524
116984499535
116984499540
116984499548
116984499555
116984499556
116984499566
116984499574
116984499582
117206995179
117218095242
117218095177
116990406123
117196379790
117196566665
117196566599
117196566985
116984505609
117196379823
117196379810
117196379735
117196379880
117196566644
117005669171
117196380726
116990392205
117206998640
116990392203
116990392126
117164370408
116989985311
117196379753
116990392219
116984499622
116984499630
116984499638
116984499664
116984499668
116984499673
117005669317
116989985285
116989985157
116989985176
116984505606
116989985198
116989985246
117196379694
116990392115
116984499580
116984499646
116984499651
117005669139
117005669140
117196566988
117196566993
116990392161
117005668985
117005669043
116990406268
116990392138
117196380660
116986233467
116990392231
116990392263
116989985269
117196379849
116984499533
116984499534
116984499559
116984499595
116984499611
116990392204
117005669084
116984499550
116990392247
116984505598
117196379806
116989985165
116990392212
117206998626
117196566714
117196566719
117196379700
116990392180
117206998672
117196379833
117196379885
116990392158
116984499610
116984499617
116984499633
116984499639
117196566700
116989985206
116989985278
116989985136
117005669130
117005669178
116990392210
117005669291
116986233421
116984499618
117005669298
117005669303
117005669318
117005669320
116984499590
116984499609
116984499613
116984499635
116984499641
116984499644
117206995178
117005669164
117196558125
117196566676
117196566715
117196566690
117196566739
117196566718
117196566707
117196566711
117005668975
117005669017
117005669034
117005669051
117005669202
117005669257
116989985164
116989985082
117196379875
116984499629
116984499640
117005669329
117005669230
117005669255
116990392178
116990392182
116990392188
117005669304
116990392148
117196379770
117218095336
117005668779
117206995158
117005669013
116990392225
117196379687
117206995219
117005669278
117005669288
117005669296
117005669305
117005669309
117005669314
117005669325
117005669331
117005669343
117005669345
117196379877
117005668790
117196379743
117164487775
117005669221
117005669294
117005669327
117164487767
117005669193
117196379773
117196558118
117196379759
116990406218
117196566742
117005669212
117005669224
117196379709
116990392119
116989985098
116990392164
116990392265
116990392168
116990392170
116984499521
116990392142
116984499579
117206995237
116984499645
117005669156
117196379825
116984505625
117005668758
116990406283
116990406285
117005669308
116990392117
116990392275
117005669293
117005669321
116990406270
116990406231
116990392156
116990406287
117196379726
117196379842
117196379815
117196567005
116989985103
116989985115
117206998667
116984499620
116984499627
117005669134
117005669182
117196379741
117206995099
117206998662
117005669125
117005669185
116990406163
117196567006
117196567011
117196567009
117005669190
117196379887
117206995223
116986233443
117218095295
116986233429
117005669188
117005668978
117005668981
117005668989
117005669195
117005669198
117005669215
116986233450
117196379860
117005668992
117005669044
116984499624
117005669029
117005669037
116984499632
116990392214
117196379794
116990406252
117196379843
117206998617
117005669123
117005669129
117005669153
117005669154
117005669173
117206995233
117005669142
117005669144
116990392242
117196379729
116986233465
117196379857
116986233472
116986233491
117196558109
117196558112
117196558115
117196379863
117196566709
117005668954
117005669219
117005669250
117005668968
117005668999
117005669194
117005669206
117005669223
117005669226
117005669228
117005669261
117005669197
117005669269
116990406292
116990406271
116990406229
117196566708
117005669236
116986233427
116989985354
117196566593
117196566584
117196566574
117196566579
117196566578
117196566652
117196566605
117196566607
116986233474
117196566603
117196566624
117005669031
117206995214
117206998652
117206998658
117206998635
117206995212
117206995144
117005669128
117005669131
117005669150
116986233423
117005669324
117196379868
117206998625
116989985295
117005668972
117005669204
117196379882
117196379775
116986233405
116990392234
116984499544
116984499569
116984499576
116984499586
116984499619
117196379722
117196566602
117196566592
117206995167
116984499520
116984499538
117196379858
116989985196
116989985169
116989985256
116990392149
116990392273
117196566978
117196379696
116990392128
116990392218
116990392176
116989985339
117005669007
116989985310
116990406235
116990406194
116990406264
116990392235
116986233469
117206998623
117206998638
117206995226
117206998590
116986233481
117196566990
116990406258
117196566582
117196566587
116986233456
117005669038
117005669259
116986233460
116990406255
116986233410
116986233415
116984499564
116984499585
116984499592
116984499593
116984499598
116986233437
116986233452
116989985170
117196379757
116984499532
117196566976
117196566987
117196566994
116990406121
116984499536
116984499543
116984499552
116984499553
116984499572
116984499588
117206995105
116989985353
117196567000
116990406279
116990392262
116989985244
116990406282
117005669336
117206998665
116984499601
116984499605
116984499608
116984499621
116984499643
116984499652
116984499666
116984499667
116984499671
117206995250
117206998620
117206995240
117206998593
117206995147
117206998642
117206998610
117206995215
117206998592
117206998612
117206995149
117206998676
117005669122
117005669036
117005669253
117005669268
117206998689
117206995247
117196566627
117206998637
116984499603
116984499607
116984499626
116984499653
116984499655
116984499656
116984499657
116984499658
116984499661
116986233447
116986233442
116986233408
117196379891
117005668957
117005668993
117005669025
117005669266
116989985132
117005669279
117005669300
117005669302
117005669328
117005669332
117005669344
117206995082
117005669301
117005669337
117196566736
117196566726
116986233436
117196379785
116986233402
116989985338
117196566721
116989985204
116990392132
116990392253
117206995152
117005668970
117005668973
117206998639
117206998598
117206995246
117005669124
117005669015
117005669213
116986233445
117196379768
116990392228
117206998621
116989985218
116989985322
116989985343
116989985325
116989985309
116989985291
116986233464
117196566717
117196566740
117196566747
117005668974
117005669149
116989985125
116989985335
116989985220
117005669127
117005669205
117005669271
117005669283
117005669272
117196379852
116989985298
116989985179
116990392171
117005669281
117005669282
117005669289
117005669290
117005669316
117005669330
117005669275
117005669297
117206995140
116984499707
116989985208
116989985270
116989985283
116989985230
117005669277
116989985153
116989985180
116989985238
116984499542
116989985172
116989985213
116989985266
117206998647
116453366859
116989985121
116989985161
116986233489
116989985302
116989985342
116989985378
116989985317
116989985242
116989985116
116989985192
116989985326
116989985304
116989985273
116989985265
116989985261
116989985328
116989985361
117196566692
116989985352
116989985212
116989985247
116989985188
116989985288
116989985209
116989985281
116990406233
116989985229
116989985127
117005669201
116984499625
116989985263
117206998597
116984499665
117005669133
116454903157
116990406251
116990406307
116989985088
116989985094
116989985280
116989985091
116989985120
116989985160
116989985110
116989985142
116989985162
116989985081
116989985174
116989985079
116989985214
116989985149
116989985156
116989985264
116990392130
116989985203
117005668960
117005668964
117005668987
117005669003
117005669231
116990406265
116990406222
116990406260
117005669273
117005668965
117005669030
116989985245
116989985184
116989985271
116989985239
116989985292
116989985315
116989985294
116989985274
116989985357
116989985178
116989985163
116989985211
116989985259
116989985296
116989985282
116989985158
116990392277
117005668963
116989985327
116989985297
116989985314
116989985235
116989985284
116986233433
117206995248
117005669151
117005669160
117005669208
117196379746
116989985358
116989985333
117005669132
117005669135
117005669174
116989985141
116989985089
116989985090
116989985084
116989985093
116989985155
116990392200
116989985133
116989985128
117196379701
116989985340
116989985332
116989985182
117196379769
116989985166
117005669222
117005668990
117005669246
117005669209
116989985275
116989985308
116989985135
116989985319
116989985187
116989985279
116989985222
117005669005
117005669021
117005668986
117206998664
117005669042
116984499744
117005669176
116989985101
116990392172
116989985099
116989985083
116989985111
116989985080
116989985126
116989985117
117196379690
117005669120
117005669146
116989985092
116989985106
117206995162
116989985129
116989985276
116989985130
116989985236
116990392202
116984499615
116989985104
116990392146
116990392163
116835981610
117005669203
116990392154
117005668958
117005668969
117005668988
117206995234
117206998671
117206995228
116989985151
116989985107
116989985147
116989985108
116989985137
116990392198
116990392165
116990392129
116990392124
116990392153
116990392181
116989985183
116990392251
116989985102
116990392147
116990392143
116990392151
116990392257
116990392191
116990392145
116984499522
116984499528
116984499537
116984499539
116984499551
116984499561
116984499562
116984499571
116984499583
116984499596
116984499612
116984499628
117206995104
117206995211
116454903178
117196379830
116984499565
116989985148
117206995239
116990392120
116453366858
117005669186
117196566989
117196566981
117196566984
117196566992
116989985134
117196379707
117196566991
117196379791
116989985095
117196566996
117196566968
117196566974
117196566979
117196566977
116990406276
116990406230
117206995166
116986233463
116989985224
117005669218
116454903286
117005668980
117005669011
117206995160
116990406212
116990406302
116989985267
117005669274
117005669280
117005669313
117005669339
116986233459
116989985252
116989985173
116989985223
116989985225
116989985241
116989985186
117005669284
117005669286
117005669292
117005669299
117005669340
117005669341
116984499568
116984499581
116989985200
116989985323
117005669157
116984499573
116989985347
116989985305
116989985272
116984499604
116986233439
116986233412
116989985260
116989985202
116990406257
117005669180
117005669187
117206995153
117206995235
116989985190
116986233488
116989985152
116989985350
116989985277
116989985219
116990406232
116989985205
116989985216
116989985355
116989985195
116989985321
116989985331
116989985301
116989985253
116989985307
116989985118
116989985210
116989985289
116989985201
116986233484
116989985362
116989985290
116989985287
116984499731
116989985194
116989985145
116989985189
116989985114
116986233477
116986233395
116989985131
116989985105
116989985096
116989985122
116989985193
116989985191
116989985234
116989985215
116989985085
116989985154
116986233479
116989985300
116989985346
116989985360
116989985359
116989985217
116989985168
117206998588
117206998607
116989985286
116989985293
116986233430
116986233400
116986233440
116986233406
116986233462
116990406263
116986233435
116986233396
116990406259
116989985197
116989985146
116989985123
116989985334
116989985100
116990392150
117196380656
116989985086
116986233471
117005669006
117206998651
117206995222
117206995151
116986233449
116986233458
116990406266
116986233453
116989985181
116990392227
116990406228
116990392226
116989985139
116990392229
116990392183
117196379826
117206995241
116990392199
116990392283
116990392292
116990406238
116990406216
116990406250
116990406286
116990392267
116990406217
117206998616
116454944279
116986233457
116990406204
116989985150
116989985112
116989985119
116990406297
116990392233
116990392254
116990406242
116990406227
116990406215
116990406275
116990406296
116990406273
116990406262
116990406269
116990406290
116990406239
116990406205
116984499676
117196379801
116990406241
116990392291
116986233478
116990406300
116990406223
116990406244
117196379874
116990406201
116986233422
116986233487
116986233432
116984499706
116990406281
116989985341
117196379831
116990392211
117206998685
116990406278
116454903195
117206998600
117196379778
116989985318
117196379832
116984499739
116989985227
116989985329
116984499751
117196379693
116984499708
116984499719
116984499683
116990406272
116984499525
116403328531
116989985313
116989985140
116989985262
116989985344
116986233441
116990406303
116990406246
116990406248
117196379824
116989985303
116989985316
116990406234
116984499684
116984499692
116984499729
116990406249
116989985113
116989985159
116989985143
116989985124
116989985109
116989985231
117206995218
116984499546
117196379762
116990392245
116986233476
116990392276
117196379808
117206995087
116986233434
116990406225
116990406199
116984499675
116990392197
116986233485
116984499696
116990392256
116990406301
117196379738
116986233483
116984499670
116984499700
116984499727
116984499733
116984499736
116984499740
117196379840
116984499702
116984499726
116984499750
116984499756
115825699823
116984499705
116984499716
116984499746
116990406203
116984499728
116984499695
116984499725
116984499747
116984499703
116984499680
116984499690
116990406299
117196379803
116990406277
116984499672
127298590938
127168266715
127897776580
127406985685
127657302452
126945561400
126958420930
126237473260
127476798606
127029643408
127168268337
127086990938
127855663919
126254457765
126720099876
127606566697
126707014637
127406986047
126907346001
125985743366
127029637150
126907297647
127027408926
127897767063
126898981865
126958427015
126956743971
127168267655
126008385240
126706976655
127110277453
127406979009
126898995833
127399122460
126907341822
127643197244
127402726932
127399122339
126796174949
126254494323
127403003801
126909034539
126907285884
127399122394
127412892154
127168266420
127404986812
126720093539
127029639201
127404986839
127096246468
127029517011
126958421317
126008460029
127897766753
125852987272
126947753392
127897775004
126188504872
127897780232
127151457142
125985827605
127403003805
127614285569
127420180439
126796179773
127039288502
127168264895
126907269715
125789395744
126941607375
125852660080
127027401037
127456189750
127399122369
126902682782
127399122517
126962229473
125406313233
127027387367
126899005996
126907288958
126962201871
127399122492
126902708358
127399122511
126765445950
127096392306
127029547028
126765425033
127027397710
126720094678
127168266911
127029641385
126945555654
127027400258
127614299132
127168267932
127402726958
127029519062
127412892153
127399122500
127168266681
127168264985
126905791961
127897772229
127168266933
126902701371
127403003872
126956726338
127168268232
127398608632
127402727037
127402727035
126956772767
126508544238
127406978769
127407024971
126941588860
127404986905
127897767974
126907344313
126066617507
126980740788
127897780550
126941587560
127087045027
127046015281
126008429670
127096238176
127476822700
127029638494
126019572612
127029642259
127029532838
127039499846
127897769344
127468674886
126941592581
126796178666
127404986852
126962205943
127897772046
127399122483
126019537762
127029635602
126980736568
127897768304
126956738815
127897779822
126018426015
126962231555
127406978874
127414657747
127404986912
127897775673
127468674882
126980741610
127897772815
127406986696
126898989938
126956773770
125686388539
127039500340
126956767482
126941619939
127897776054
127168269281
127096390230
127474929344
126905806458
126917056065
127612236994
127897770573
127046012720
127406978895
125686413202
127168264847
127399122380
126008387891
127897776334
126019563672
127406987816
127029538286
127399122421
125799895250
127168269148
127452412513
127606566873
127399122351
127096400828
126907340214
127168266981
126907308648
127403003927
126919855905
126019553228
126902687026
127607975211
126956752650
127614299270
127452458400
127027393446
127468615934
126956736601
127657564120
127403003768
126919854208
125852651811
126958425674
127168269343
127643191714
127614285462
127606566852
127055775405
127452458455
126899014474
127897771705
127452458416
127614285497
127614299159
127407012898
127406987830
127412996629
127406986675
127614285607
127607975213
127404986794
127087045490
127402727009
127029546245
127404986908
127406985969
127086988457
127151459254
126381637311
127027407051
126980738418
127096390705
126919865475
126905801454
127657551457
127614285444
127402726964
127403003767
126765469795
127168266863
127614285643
125945448156
126008392378
127151459717
127412892165
127402726990
126945558075
127614285541
127398608627
127029514783
127168267871
127046015590
127214293773
127614299200
127086989006
127406985839
126941586194
127614299197
127404986896
126980742133
127027416594
126899018446
127399122482
127110276704
127402727015
127399122376
127420180440
127402726998
126765447580
127029530014
127027415239
127614299151
126907294427
127657564099
127614299205
127614285550
127086991525
127416847619
127614285520
127420180448
127614285538
127402727006
127614285537
125985708086
127110273093
127614285548
127087223418
127403003831
126008436389
127402726974
127614299202
126902684867
125789379343
126707013967
126941600199
127643192573
127614299216
127027357134
127614285495
127087224211
127087217432
126720095613
127055776906
127612237021
127110276948
126912045538
127404986926
127029534358
127399122496
127403003909
126018099753
127399122429
127110270245
126902703250
125328673943
127029508304
127614299160
127039293063
127027399622
127614285469
127404986876
127398608626
127614285450
125945467027
127435759337
127416505642
127404986830
126962203414
126962209510
127029636203
127110268318
125798155533
127614299155
127404986804
126962210860
126902868396
127151455649
127399122432
127456189787
127476822667
127403003764
127100465399
126907310577
127402727021
127402727027
127406987940
127403003940
127168266786
127402727022
126962212902
126339958142
127087045948
127403003765
125798077500
127399122262
127406985716
126019575408
127402727017
127055772993
127312468241
127406978809
127614285570
127402726984
127404986796
127402726937
127612237070
126962202809
127027407879
127404986931
125908979017
126018122560
127110282161
126907324487
127606566732
126941623967
126941623384
127399122407
126962206982
127399122473
127029510064
127606566725
127404986835
126008396118
127404986851
127399122453
127403003979
127407014514
125649352490
127086990335
127087049031
127399122470
126956783347
127399122399
127403003937
125965898349
127402727007
127412857000
127538839980
127399122431
127399122391
126956772281
126902705071
127402727008
127399122417
127399122464
126902683856
125809970559
125808066376
127399122427
127055776554
127214386758
127402727028
127399122327
127402726929
127402726973
127214386091
126188507342
127399122386
125789400823
127029613744
127029540885
127399122341
127168267755
127406987752
127168267920
126720102008
127406986717
126188512067
127404986928
127027391598
126902706950
126720102462
127029513453
127399122354
127402726991
127399122356
127399122409
126898984015
127606566876
127399122501
127406979069
127399122306
127406986764
126339905772
127399122485
127404986834
126339908978
127402727002
127402727011
125799888265
127399122373
127399122411
127399122396
127404986870
127039494404
127403003870
127403003931
125985750717
125959292892
126720104164
126902695623
127399122519
126907275242
126899015721
127399122507
127402726992
126254465897
127406985779
127403003975
127110274465
127096236837
127403003960
126902875720
127110277742
127403003939
127214387051
127399122318
127399122274
127399122280
127399122292
127406986736
127399122466
127403003789
127404986938
125742111610
126902881701
127606566898
126907344975
127029547534
126008497224
126008437384
127606566700
127643190682
126980705404
127612236960
127096236971
127399122383
127402726951
127027402922
127399122462
127402726975
126796175871
127399122490
126907296020
127406987913
126941603546
125914152239
126907279794
127657564287
125798048226
127614299168
127614299193
126945567727
125945487310
127027398589
127046017630
127657564212
126931240703
126902880222
127399122322
127403003827
127404986797
127452412506
125686403374
127657564097
127087037221
126339950288
127399122352
126707013141
127406986022
127399122465
127416847636
127110282473
127399122458
127214301195
126956779790
127399122423
127399122514
127399122331
126980701843
127614285560
126956769958
125798072733
127406981635
126813635623
126962211852
127046016643
126909061133
126720097981
127029543602
125798064021
126919858249
126008487126
127406987954
126956777246
127657564289
126941583095
127029517604
126902890569
126018202396
126912057765
125908661988
127612237145
126907341008
127406982850
127403003774
127612237007
127294750181
127214298633
126958422984
127168264471
127096238997
127420180452
126905809116
127402727029
127403320246
126956747454
127087042788
126980362373
127294751484
127294752696
127612236988
127412892170
126907284360
126941632481
127406979796
127168264725
125852812565
125945472211
127435759427
127614299128
127055771958
127435759328
127657564155
127456189728
127612237017
127086992454
125534472019
127096239816
127612237014
127452412512
127606566841
127406981219
127612237091
127452412495
127452412463
127468674887
127399122454
126956748752
127404986807
126066548013
127614285596
127452412546
127456189831
127606566704
127606566706
127403003849
127435759322
127606566703
127412892151
127607975260
127402726993
127612237094
127294746860
127614299169
127402727003
127607975096
127029638056
126962228562
127027358747
127399122279
127029615731
127452412398
127086992067
127456189713
127414657748
125908975339
127412892156
127435759417
127151459046
127606566884
127406982910
126941583852
127416505638
127406986094
127214304873
127027396731
127452412496
127406980689
127657564274
127399122480
127612236970
127168267586
127612237119
126235810144
127657564272
126956771597
125798085286
127607975242
127055777288
127456189746
125945475260
126907312346
127606566893
127087047715
125798079499
127420180447
126899004161
127657551460
127087056458
127399122377
126905800965
127412892179
127087038290
127614285543
127403320224
127100469303
127151465158
127412892164
127657551448
126907328579
127420248964
127420248980
127404986874
127435759384
127614299144
127412892163
127027411384
127614285545
127452412517
126707037850
127312469609
127657564261
127110281508
127406979862
127402727001
127657564131
127404986857
127168266732
127412892171
127399122425
127607975207
127403003893
127452412534
126899011878
127407012889
127214387547
126912055842
127402727012
126909038898
127452412359
127452412451
127452412358
127452412504
127404986900
127412892162
127452412435
127404986918
126018210244
126941589608
125406304555
127612237150
127029536403
127017862605
127452458488
127029639843
127399122374
127029642760
127412892158
127657551405
127657551439
127294750637
127399122418
126008504732
126902887184
127399122405
127414657749
127096387915
126941584852
127403003857
127452412423
127087038757
127027414176
127414657753
127398608631
127151478051
127110274150
127420248997
127612237055
127110276487
127055777942
127406978847
127402726994
125852973018
127402726939
127607975248
127168264549
126019594560
127399122494
127612237004
127168266771
127452458406
127402726938
126902691906
127399122334
125945484732
127399122326
125798087122
127452458412
127420248977
127404986939
127414657744
127087129405
127414657742
127468674877
126720092742
127452412505
127404986894
127420180451
127404986858
127402726995
127399122415
127452458413
127452412500
126912050860
125671896021
127402726999
127402727044
126956735079
127402727034
127402727030
127420180442
127087219590
127399122468
127029515601
127399122371
127046012343
127402726989
125985809053
127403320230
126707040139
127607975177
127403320284
127402727018
127399122456
127399122390
127214385733
127399122510
127151464354
127402726985
127402727013
127420248965
127027390303
127399122499
127029535260
126941596206
127416505640
127168264818
127407024962
127087037820
127402726969
126958419597
126919855143
127420248974
127420248972
126912058783
127402726988
127414657750
127416505634
126707044033
127399122478
125649352489
127403003777
127420248968
127402727004
126339888007
127399122370
127468674926
127416847612
127404986831
127027403527
127168267611
127294749599
126909062668
127399122404
127402727024
127420248973
127096391192
127402726972
125985807353
127404986934
127406986600
127420248994
127612236976
127087125572
127403003858
127402726941
127657564275
127406985871
127110274787
127399122503
127452412526
127404986810
127404986856
127402726987
127404986827
127399122355
127404986914
127416847629
127399122401
127399122493
127402727020
127420248975
127452412391
127452412511
127039486833
127402726960
127435759403
127416847617
127402726944
127420248971
127416505643
126339952359
127416847620
127420180422
127399122440
127399122479
126956737674
127399122474
126956765915
126254459681
126019562879
127029643983
127468674875
127402727043
127403003807
126040824565
127406985890
127404986903
127474929205
127214387243
127312472946
127404986817
127402726977
127294751201
127151454434
127398608628
126339941000
127452458429
127452458539
126898986231
126956775050
127399122430
127086989607
127404986848
127403320206
127404986897
127399122385
127452458540
127416847628
127420248967
127420248969
127399122505
127087043123
127214388128
127403003755
125927649601
127399122495
126765482892
126909064435
127399122459
127452458375
127399122467
126019557972
127402726949
127452458494
127416505635
127100465979
127406979963
127399122455
127110280634
127403003911
127406985906
127414657751
127399122449
127087091633
127087039771
127403003781
127412857016
126516120750
127416505641
127399122508
127399122509
127404986833
127399122342
127414657752
127468674898
127087057578
127399122353
127403003758
127087047079
127404986808
127399122444
127100470225
126980739338
127452376834
127312470999
127406981772
127416847602
127402727000
126339902600
127416847626
127403003971
127039481627
127168270269
127110272440
127168266520
127406983688
127403003756
126765448987
126765465882
127294750411
127414657741
127399122448
126956729219
127420248979
127404986866
127406981425
127404986844
127420180443
127452458425
127452376835
127402726928
127404986940
127096237260
127406980020
127312471969
127312472802
127294747702
127435759330
127403320282
127403320233
127404986886
127406987851
127402726963
127416505639
127416505633
127110266703
127452412440
127294752327
127087123587
127412856985
127100468343
126339932112
127416847624
127399122343
127402726931
127402726967
127399122357
127087042547
125789388393
127403003766
127404986891
127403320201
127404986825
127402727016
127404986819
127398608629
127312472417
127029540145
127538839952
127414657734
127412856984
127474929197
127420180455
127046016318
127406986792
127087055928
127404986850
127420248970
127402726962
127614285534
127399122368
127402726943
127402726942
127406978830
127452376844
127399122379
127404986907
126008404452
127452376860
127087061037
126956742137
127168264702
127399122402
127420180411
126912036648
127406980757
126956730878
127312468507
127404986873
127416847605
127312470264
127614285437
127406987780
127406979927
126902693772
126945553628
127039301521
126339946595
126899007995
126905803456
127399122520
127403003809
127402727036
127406987726
127404986887
127612237171
127399122378
126907282125
127406983150
127398608625
126941593975
127452376845
126956769086
127399122261
127399122372
127399122488
127404986845
127403003962
127402726930
127414657743
127406987868
127151452833
127403003900
127403003956
127404986809
127404986925
126912052835
127151456284
125985835960
126931226248
127168269736
127403003761
127404986909
127404986862
127402727014
127404986836
127399122437
127399122502
127027357934
127399122393
127416847631
127312472649
126902888886
127402726925
127403003957
127087054292
127404986882
127399122367
127168264682
126941626424
127407025068
126902694580
127402726945
126962232701
127406988028
127087075001
127406978789
127452458514
127398608633
127402727031
127404986815
127399122314
127399122475
127399122489
125945488834
127096236046
127402726953
127403003757
127029542864
127402726980
127039283657
127087046424
127087126719
127406986884
127029515230
127452376903
127404986916
127404986823
127100471229
127406982030
127029641822
127404986942
127412856989
127399122384
127406986898
127657564221
127404986910
127612236967
127087038017
127399122461
127404986906
127399122397
127404986829
127294748527
127087111228
125985755724
127402726940
126941625015
127399122338
125985814604
127407025035
127412856973
127404986803
127406985997
127399122477
127407025110
127294749879
127399122471
127404986935
127407025136
127403003861
127406986620
125985814862
125798082432
127398608630
127404986881
127168264880
127399122313
127403003806
127406982422
127402726935
127403003899
125945482036
127100466597
127312470791
127402727040
127399122419
127403003762
127416847638
127402727019
127404986837
127402726933
125798041584
127614285566
126941604389
127420248966
127404986826
127412856983
127086987389
127406983300
127096243812
126956766719
127403003771
127087058061
127404986802
127416847618
127406979095
127110271778
127474929294
127404986878
127406987978
126339959941
127403003772
127087038457
127404986904
127402726954
127027357310
127406978859
127399122504
127404986893
127404986805
127403003811
127168269029
127312470555
127416847639
126912038042
127404986880
127452376880
126576539847
127402726952
127402726950
126956743107
127402727005
127406983755
127402727033
127403003923
127403003961
127087057373
127087038925
126902884497
127404986895
127403003918
126909054947
126902696313
127402726996
127027395740
127474929312
127406987793
127406985822
127402726961
127086987998
127027357608
127404986854
127402727010
127029531468
127399122438
127151458699
127402726966
126909052687
127399122428
126909057070
126898994412
127399122439
127294747237
127420248999
127404986860
127403320223
127404986801
127029519686
125974957356
127402726957
126958422266
127414657755
127452376840
127402726934
127404986899
127402727025
126230514546
126956770763
127402727041
127168264911
127168267724
127406983045
127406986662
127046013163
127402727042
127404986795
127151467676
127402726927
127027357720
127029529151
127151477570
127027357105
127404986922
127399122294
127452376881
127086992944
127312469378
127403003846
127406978921
127168264499
127403003830
127416505631
127096387487
127416847623
127406983088
127412857008
127406983548
127029514056
127416847634
126339910925
127406986654
127597619475
127168268021
127403320207
126907259002
127412856967
127452376907
125945479046
127406979883
127420180434
127168267688
127100465154
127110271125
127110272168
127110272724
126912040767
127151458417
127406986634
127412857018
126720100817
127403003775
127110268770
127168268281
127100462478
127399122486
127406980722
127402726956
126339881793
127087061316
126339937048
127406983854
127110273555
126941621957
127168268303
126941605671
127403003782
127402726968
127406986813
127402726976
127402727032
126907251982
126019540151
127151477317
127452376821
127538839986
126958443429
127168268257
127096237524
126339934679
127110278033
127027392391
126018113975
127538839931
126796177170
127168264340
127402726983
127110280134
126962205022
126019554347
127029614829
126958424798
127538839992
127538840042
127168269076
126941631116
127039303580
126941627590
126008463691
126018208169
126956751312
126018127860
127404986799
127538839957
127055775752
127614285576
127046014525
127406982667
127406987887
126018131501
127468674881
127406987768
126902698490
127538839963
127406988001
126008503259
127402727038
127538839953
127100470798
127029518399
126008465941
127403320228
127402727039
127538839948
125945465793
127403003885
126912043715
126008442860
127452376889
126008500703
127096236713
127403320255
126962208254
127402726946
127452376852
